Workbook

Sheet upload
A1: CHƯƠNG I. QUY ĐỊNH CHUNG VÀ QUY TẮC GIAO THÔNG ĐƯỜNG BỘ | C1: 0 | D1: Câu | E1: Nội dung câu | F1: Hình ảnh | G1: Lựa chọn 1 | H1: Lựa chọn 2 | I1: Lựa chọn 3 | J1: Lựa chọn 4 | K1: Đáp án | L1: Câu liệt | M1: Giải thích | N1: Hình ảnh giải thích | O1: không xáo đáp án | P1: STT | Q1: Nối
A2: Câu 1. Phần của đường bộ được sử dụng cho phương tiện giao thông đường bộ đi lại là gì? | C2: =IFERROR(COUNTIFS($A$1:A2,"Câu "&"*")-MID(A2,5,FIND(".",A2,1)-5),0) -> 0 | D2: =IF(LEFT(A2,3)="Câu",VALUE(MID(A2,5,FIND(".",A2,1)-5)),"") -> 1 | E2: =SUBSTITUTE(IF(LEFT(A2,3)="Câu",MID(A2,FIND(".",A2,1)+2,LEN(A2)),""),CHAR(34),CHAR(92)&CHAR(34)) -> Phần của đường bộ được sử dụng cho phương tiện giao thông đường bộ đi lại là gì? | G2: =SUBSTITUTE(B3,CHAR(34),CHAR(92)&CHAR(34)) -> Phần mặt đường và lề đường. | H2: =SUBSTITUTE(B4,CHAR(34),CHAR(92)&CHAR(34)) -> Phần đường xe chạy. | I2: =SUBSTITUTE(IF(LEFT(A5,3)="Câu","",B5),CHAR(34),CHAR(92)&CHAR(34)) -> Phần đường xe cơ giới. | J2: =SUBSTITUTE(IF(OR(LEFT(A6,3)="Câu",I2=""),"",IF(B6=0,"",B6)),CHAR(34),CHAR(92)&CHAR(34)) | K2: =SUBSTITUTE(SUBSTITUTE(SUBSTITUTE(SUBSTITUTE(IFERROR(VLOOKUP("Câu "&D2&".",dapan!$E:$J,6,0),""),"1","A"),"2","B"),"3","C"),"4","D") -> B | O2: x | P2: =D2 -> 1 | Q2: =IF(D2="","",CHAR(123)&CHAR(34)&"num"&CHAR(34)&":"&P2&","&CHAR(34)&"id"&CHAR(34)&":"&D2&"," &CHAR(34)&"q"&CHAR(34)&":"&CHAR(34)&E2&CHAR(34)&"," &IF(F2="","",CHAR(34)&"img"&CHAR(34)&":"&CHAR(34)&F2&CHAR(34)&",") &CHAR(34)&"opts"&CHAR(34)&":"&CHAR(123)&CHAR(34)&"A"&CHAR(34)&":"&CHAR(34)&G2&CHAR(34)&","&CHAR(34)&"B"&CHAR(34)&":"&CHAR(34)&H2&CHAR(34) &IF(I2="","",","&CHAR(34)&"C"&CHAR(34)&":"&CHAR(34)&I2&CHAR(34))&IF(J2="","",","&CHAR(34)&"D"&CHAR(34)&":"&CHAR(34)&J2&CHAR(34))&CHAR(125)&"," &CHAR(34)&"answer"&CHAR(34)&":"&CHAR(34)&K2&CHAR(34) &IF(L2="","",","&CHAR(34)&"danger"&CHAR(34)&":"&CHAR(34)&"true"&CHAR(34)) &IF(M2="","",","&CHAR(34)&"explain"&CHAR(34)&":"&CHAR(34)&M2&CHAR(34)) &IF(N2="","",","&CHAR(34)&"explainImg"&CHAR(34)&":"&CHAR(34)&N2&CHAR(34)) &IF(O2="","",","&CHAR(34)&"shuffle"&CHAR(34)&":"&CHAR(34)&"false"&CHAR(34))&CHAR(125)&",") -> {"num":1,"id":1,"q":"Phần của đường bộ được sử dụng cho phương tiện giao thông đường bộ đi lại là gì?","opts":{"A":"Phần mặt đường và lề đường.","B":"Phần đường xe chạy.","C":"Phần đường xe cơ giới."},"answer":"B","shuffle":"false"},
A3: 1 | B3: Phần mặt đường và lề đường. | C3: =IFERROR(COUNTIFS($A$1:A3,"Câu "&"*")-MID(A3,5,FIND(".",A3,1)-5),0) -> 0 | D3: =IF(LEFT(A3,3)="Câu",VALUE(MID(A3,5,FIND(".",A3,1)-5)),"") | E3: =SUBSTITUTE(IF(LEFT(A3,3)="Câu",MID(A3,FIND(".",A3,1)+2,LEN(A3)),""),CHAR(34),CHAR(92)&CHAR(34)) | G3: =SUBSTITUTE(B4,CHAR(34),CHAR(92)&CHAR(34)) -> Phần đường xe chạy. | H3: =SUBSTITUTE(B5,CHAR(34),CHAR(92)&CHAR(34)) -> Phần đường xe cơ giới. | I3: =SUBSTITUTE(IF(LEFT(A6,3)="Câu","",B6),CHAR(34),CHAR(92)&CHAR(34)) | J3: =SUBSTITUTE(IF(OR(LEFT(A7,3)="Câu",I3=""),"",IF(B7=0,"",B7)),CHAR(34),CHAR(92)&CHAR(34)) | K3: =SUBSTITUTE(SUBSTITUTE(SUBSTITUTE(SUBSTITUTE(IFERROR(VLOOKUP("Câu "&D3&".",dapan!$E:$J,6,0),""),"1","A"),"2","B"),"3","C"),"4","D") | P3: =D3 | Q3: =IF(D3="","",CHAR(123)&CHAR(34)&"num"&CHAR(34)&":"&P3&","&CHAR(34)&"id"&CHAR(34)&":"&D3&"," &CHAR(34)&"q"&CHAR(34)&":"&CHAR(34)&E3&CHAR(34)&"," &IF(F3="","",CHAR(34)&"img"&CHAR(34)&":"&CHAR(34)&F3&CHAR(34)&",") &CHAR(34)&"opts"&CHAR(34)&":"&CHAR(123)&CHAR(34)&"A"&CHAR(34)&":"&CHAR(34)&G3&CHAR(34)&","&CHAR(34)&"B"&CHAR(34)&":"&CHAR(34)&H3&CHAR(34) &IF(I3="","",","&CHAR(34)&"C"&CHAR(34)&":"&CHAR(34)&I3&CHAR(34))&IF(J3="","",","&CHAR(34)&"D"&CHAR(34)&":"&CHAR(34)&J3&CHAR(34))&CHAR(125)&"," &CHAR(34)&"answer"&CHAR(34)&":"&CHAR(34)&K3&CHAR(34) &IF(L3="","",","&CHAR(34)&"danger"&CHAR(34)&":"&CHAR(34)&"true"&CHAR(34)) &IF(M3="","",","&CHAR(34)&"explain"&CHAR(34)&":"&CHAR(34)&M3&CHAR(34)) &IF(N3="","",","&CHAR(34)&"explainImg"&CHAR(34)&":"&CHAR(34)&N3&CHAR(34)) &IF(O3="","",","&CHAR(34)&"shuffle"&CHAR(34)&":"&CHAR(34)&"false"&CHAR(34))&CHAR(125)&",")
A4: 2 | B4: Phần đường xe chạy. | C4: =IFERROR(COUNTIFS($A$1:A4,"Câu "&"*")-MID(A4,5,FIND(".",A4,1)-5),0) -> 0 | D4: =IF(LEFT(A4,3)="Câu",VALUE(MID(A4,5,FIND(".",A4,1)-5)),"") | E4: =SUBSTITUTE(IF(LEFT(A4,3)="Câu",MID(A4,FIND(".",A4,1)+2,LEN(A4)),""),CHAR(34),CHAR(92)&CHAR(34)) | G4: =SUBSTITUTE(B5,CHAR(34),CHAR(92)&CHAR(34)) -> Phần đường xe cơ giới. | H4: =SUBSTITUTE(B6,CHAR(34),CHAR(92)&CHAR(34)) | I4: =SUBSTITUTE(IF(LEFT(A7,3)="Câu","",B7),CHAR(34),CHAR(92)&CHAR(34)) -> Là một phần của phần đường xe chạy được chia theo chiều dọc của đường, sử dụng cho xe chạy. | J4: =SUBSTITUTE(IF(OR(LEFT(A8,3)="Câu",I4=""),"",IF(B8=0,"",B8)),CHAR(34),CHAR(92)&CHAR(34)) -> Là một phần của phần đường xe chạy được chia theo chiều dọc của đường, có đủ chiều rộng cho xe chạy an toàn. | K4: =SUBSTITUTE(SUBSTITUTE(SUBSTITUTE(SUBSTITUTE(IFERROR(VLOOKUP("Câu "&D4&".",dapan!$E:$J,6,0),""),"1","A"),"2","B"),"3","C"),"4","D") | P4: =D4 | Q4: =IF(D4="","",CHAR(123)&CHAR(34)&"num"&CHAR(34)&":"&P4&","&CHAR(34)&"id"&CHAR(34)&":"&D4&"," &CHAR(34)&"q"&CHAR(34)&":"&CHAR(34)&E4&CHAR(34)&"," &IF(F4="","",CHAR(34)&"img"&CHAR(34)&":"&CHAR(34)&F4&CHAR(34)&",") &CHAR(34)&"opts"&CHAR(34)&":"&CHAR(123)&CHAR(34)&"A"&CHAR(34)&":"&CHAR(34)&G4&CHAR(34)&","&CHAR(34)&"B"&CHAR(34)&":"&CHAR(34)&H4&CHAR(34) &IF(I4="","",","&CHAR(34)&"C"&CHAR(34)&":"&CHAR(34)&I4&CHAR(34))&IF(J4="","",","&CHAR(34)&"D"&CHAR(34)&":"&CHAR(34)&J4&CHAR(34))&CHAR(125)&"," &CHAR(34)&"answer"&CHAR(34)&":"&CHAR(34)&K4&CHAR(34) &IF(L4="","",","&CHAR(34)&"danger"&CHAR(34)&":"&CHAR(34)&"true"&CHAR(34)) &IF(M4="","",","&CHAR(34)&"explain"&CHAR(34)&":"&CHAR(34)&M4&CHAR(34)) &IF(N4="","",","&CHAR(34)&"explainImg"&CHAR(34)&":"&CHAR(34)&N4&CHAR(34)) &IF(O4="","",","&CHAR(34)&"shuffle"&CHAR(34)&":"&CHAR(34)&"false"&CHAR(34))&CHAR(125)&",")
A5: 3 | B5: Phần đường xe cơ giới. | C5: =IFERROR(COUNTIFS($A$1:A5,"Câu "&"*")-MID(A5,5,FIND(".",A5,1)-5),0) -> 0 | D5: =IF(LEFT(A5,3)="Câu",VALUE(MID(A5,5,FIND(".",A5,1)-5)),"") | E5: =SUBSTITUTE(IF(LEFT(A5,3)="Câu",MID(A5,FIND(".",A5,1)+2,LEN(A5)),""),CHAR(34),CHAR(92)&CHAR(34)) | G5: =SUBSTITUTE(B6,CHAR(34),CHAR(92)&CHAR(34)) | H5: =SUBSTITUTE(B7,CHAR(34),CHAR(92)&CHAR(34)) -> Là một phần của phần đường xe chạy được chia theo chiều dọc của đường, sử dụng cho xe chạy. | I5: =SUBSTITUTE(IF(LEFT(A8,3)="Câu","",B8),CHAR(34),CHAR(92)&CHAR(34)) -> Là một phần của phần đường xe chạy được chia theo chiều dọc của đường, có đủ chiều rộng cho xe chạy an toàn. | J5: =SUBSTITUTE(IF(OR(LEFT(A9,3)="Câu",I5=""),"",IF(B9=0,"",B9)),CHAR(34),CHAR(92)&CHAR(34)) -> Là đường cho xe ô tô chạy, dừng, đỗ an toàn. | K5: =SUBSTITUTE(SUBSTITUTE(SUBSTITUTE(SUBSTITUTE(IFERROR(VLOOKUP("Câu "&D5&".",dapan!$E:$J,6,0),""),"1","A"),"2","B"),"3","C"),"4","D") | P5: =D5 | Q5: =IF(D5="","",CHAR(123)&CHAR(34)&"num"&CHAR(34)&":"&P5&","&CHAR(34)&"id"&CHAR(34)&":"&D5&"," &CHAR(34)&"q"&CHAR(34)&":"&CHAR(34)&E5&CHAR(34)&"," &IF(F5="","",CHAR(34)&"img"&CHAR(34)&":"&CHAR(34)&F5&CHAR(34)&",") &CHAR(34)&"opts"&CHAR(34)&":"&CHAR(123)&CHAR(34)&"A"&CHAR(34)&":"&CHAR(34)&G5&CHAR(34)&","&CHAR(34)&"B"&CHAR(34)&":"&CHAR(34)&H5&CHAR(34) &IF(I5="","",","&CHAR(34)&"C"&CHAR(34)&":"&CHAR(34)&I5&CHAR(34))&IF(J5="","",","&CHAR(34)&"D"&CHAR(34)&":"&CHAR(34)&J5&CHAR(34))&CHAR(125)&"," &CHAR(34)&"answer"&CHAR(34)&":"&CHAR(34)&K5&CHAR(34) &IF(L5="","",","&CHAR(34)&"danger"&CHAR(34)&":"&CHAR(34)&"true"&CHAR(34)) &IF(M5="","",","&CHAR(34)&"explain"&CHAR(34)&":"&CHAR(34)&M5&CHAR(34)) &IF(N5="","",","&CHAR(34)&"explainImg"&CHAR(34)&":"&CHAR(34)&N5&CHAR(34)) &IF(O5="","",","&CHAR(34)&"shuffle"&CHAR(34)&":"&CHAR(34)&"false"&CHAR(34))&CHAR(125)&",")
A6: Câu 2. Làn đường là gì? | C6: =IFERROR(COUNTIFS($A$1:A6,"Câu "&"*")-MID(A6,5,FIND(".",A6,1)-5),0) -> 0 | D6: =IF(LEFT(A6,3)="Câu",VALUE(MID(A6,5,FIND(".",A6,1)-5)),"") -> 2 | E6: =SUBSTITUTE(IF(LEFT(A6,3)="Câu",MID(A6,FIND(".",A6,1)+2,LEN(A6)),""),CHAR(34),CHAR(92)&CHAR(34)) -> Làn đường là gì? | G6: =SUBSTITUTE(B7,CHAR(34),CHAR(92)&CHAR(34)) -> Là một phần của phần đường xe chạy được chia theo chiều dọc của đường, sử dụng cho xe chạy. | H6: =SUBSTITUTE(B8,CHAR(34),CHAR(92)&CHAR(34)) -> Là một phần của phần đường xe chạy được chia theo chiều dọc của đường, có đủ chiều rộng cho xe chạy an toàn. | I6: =SUBSTITUTE(IF(LEFT(A9,3)="Câu","",B9),CHAR(34),CHAR(92)&CHAR(34)) -> Là đường cho xe ô tô chạy, dừng, đỗ an toàn. | J6: =SUBSTITUTE(IF(OR(LEFT(A10,3)="Câu",I6=""),"",IF(B10=0,"",B10)),CHAR(34),CHAR(92)&CHAR(34)) | K6: =SUBSTITUTE(SUBSTITUTE(SUBSTITUTE(SUBSTITUTE(IFERROR(VLOOKUP("Câu "&D6&".",dapan!$E:$J,6,0),""),"1","A"),"2","B"),"3","C"),"4","D") -> B | P6: =D6 -> 2 | Q6: =IF(D6="","",CHAR(123)&CHAR(34)&"num"&CHAR(34)&":"&P6&","&CHAR(34)&"id"&CHAR(34)&":"&D6&"," &CHAR(34)&"q"&CHAR(34)&":"&CHAR(34)&E6&CHAR(34)&"," &IF(F6="","",CHAR(34)&"img"&CHAR(34)&":"&CHAR(34)&F6&CHAR(34)&",") &CHAR(34)&"opts"&CHAR(34)&":"&CHAR(123)&CHAR(34)&"A"&CHAR(34)&":"&CHAR(34)&G6&CHAR(34)&","&CHAR(34)&"B"&CHAR(34)&":"&CHAR(34)&H6&CHAR(34) &IF(I6="","",","&CHAR(34)&"C"&CHAR(34)&":"&CHAR(34)&I6&CHAR(34))&IF(J6="","",","&CHAR(34)&"D"&CHAR(34)&":"&CHAR(34)&J6&CHAR(34))&CHAR(125)&"," &CHAR(34)&"answer"&CHAR(34)&":"&CHAR(34)&K6&CHAR(34) &IF(L6="","",","&CHAR(34)&"danger"&CHAR(34)&":"&CHAR(34)&"true"&CHAR(34)) &IF(M6="","",","&CHAR(34)&"explain"&CHAR(34)&":"&CHAR(34)&M6&CHAR(34)) &IF(N6="","",","&CHAR(34)&"explainImg"&CHAR(34)&":"&CHAR(34)&N6&CHAR(34)) &IF(O6="","",","&CHAR(34)&"shuffle"&CHAR(34)&":"&CHAR(34)&"false"&CHAR(34))&CHAR(125)&",") -> {"num":2,"id":2,"q":"Làn đường là gì?","opts":{"A":"Là một phần của phần đường xe chạy được chia theo chiều dọc của đường, sử dụng cho xe chạy.","B":"Là một phần của phần đường xe chạy được chia theo chiều dọc của đường, có đủ chiều rộng cho xe chạy an toàn.","C":"Là đường cho xe ô tô chạy, dừng, đỗ an toàn."},"answer":"B"}, | R6: =CHAR(S6) | S6: 10
A7: 1 | B7: Là một phần của phần đường xe chạy được chia theo chiều dọc của đường, sử dụng cho xe chạy. | C7: =IFERROR(COUNTIFS($A$1:A7,"Câu "&"*")-MID(A7,5,FIND(".",A7,1)-5),0) -> 0 | D7: =IF(LEFT(A7,3)="Câu",VALUE(MID(A7,5,FIND(".",A7,1)-5)),"") | E7: =SUBSTITUTE(IF(LEFT(A7,3)="Câu",MID(A7,FIND(".",A7,1)+2,LEN(A7)),""),CHAR(34),CHAR(92)&CHAR(34)) | G7: =SUBSTITUTE(B8,CHAR(34),CHAR(92)&CHAR(34)) -> Là một phần của phần đường xe chạy được chia theo chiều dọc của đường, có đủ chiều rộng cho xe chạy an toàn. | H7: =SUBSTITUTE(B9,CHAR(34),CHAR(92)&CHAR(34)) -> Là đường cho xe ô tô chạy, dừng, đỗ an toàn. | I7: =SUBSTITUTE(IF(LEFT(A10,3)="Câu","",B10),CHAR(34),CHAR(92)&CHAR(34)) | J7: =SUBSTITUTE(IF(OR(LEFT(A11,3)="Câu",I7=""),"",IF(B11=0,"",B11)),CHAR(34),CHAR(92)&CHAR(34)) | K7: =SUBSTITUTE(SUBSTITUTE(SUBSTITUTE(SUBSTITUTE(IFERROR(VLOOKUP("Câu "&D7&".",dapan!$E:$J,6,0),""),"1","A"),"2","B"),"3","C"),"4","D") | P7: =D7 | Q7: =IF(D7="","",CHAR(123)&CHAR(34)&"num"&CHAR(34)&":"&P7&","&CHAR(34)&"id"&CHAR(34)&":"&D7&"," &CHAR(34)&"q"&CHAR(34)&":"&CHAR(34)&E7&CHAR(34)&"," &IF(F7="","",CHAR(34)&"img"&CHAR(34)&":"&CHAR(34)&F7&CHAR(34)&",") &CHAR(34)&"opts"&CHAR(34)&":"&CHAR(123)&CHAR(34)&"A"&CHAR(34)&":"&CHAR(34)&G7&CHAR(34)&","&CHAR(34)&"B"&CHAR(34)&":"&CHAR(34)&H7&CHAR(34) &IF(I7="","",","&CHAR(34)&"C"&CHAR(34)&":"&CHAR(34)&I7&CHAR(34))&IF(J7="","",","&CHAR(34)&"D"&CHAR(34)&":"&CHAR(34)&J7&CHAR(34))&CHAR(125)&"," &CHAR(34)&"answer"&CHAR(34)&":"&CHAR(34)&K7&CHAR(34) &IF(L7="","",","&CHAR(34)&"danger"&CHAR(34)&":"&CHAR(34)&"true"&CHAR(34)) &IF(M7="","",","&CHAR(34)&"explain"&CHAR(34)&":"&CHAR(34)&M7&CHAR(34)) &IF(N7="","",","&CHAR(34)&"explainImg"&CHAR(34)&":"&CHAR(34)&N7&CHAR(34)) &IF(O7="","",","&CHAR(34)&"shuffle"&CHAR(34)&":"&CHAR(34)&"false"&CHAR(34))&CHAR(125)&",") | R7: =CHAR(S7) -> _x000B_ | S7: =S6+1 -> 11
A8: 2 | B8: Là một phần của phần đường xe chạy được chia theo chiều dọc của đường, có đủ chiều rộng cho xe chạy an toàn. | C8: =IFERROR(COUNTIFS($A$1:A8,"Câu "&"*")-MID(A8,5,FIND(".",A8,1)-5),0) -> 0 | D8: =IF(LEFT(A8,3)="Câu",VALUE(MID(A8,5,FIND(".",A8,1)-5)),"") | E8: =SUBSTITUTE(IF(LEFT(A8,3)="Câu",MID(A8,FIND(".",A8,1)+2,LEN(A8)),""),CHAR(34),CHAR(92)&CHAR(34)) | G8: =SUBSTITUTE(B9,CHAR(34),CHAR(92)&CHAR(34)) -> Là đường cho xe ô tô chạy, dừng, đỗ an toàn. | H8: =SUBSTITUTE(B10,CHAR(34),CHAR(92)&CHAR(34)) | I8: =SUBSTITUTE(IF(LEFT(A11,3)="Câu","",B11),CHAR(34),CHAR(92)&CHAR(34)) -> Khổ giới hạn của đường bộ là khoảng trống có kích thước giới hạn về chiều rộng, chiều cao của đường bộ để các xe, bao gồm cả hàng hoá xếp trên xe đi qua được an toàn và được xác định theo quy chuẩn, tiêu chuẩn kỹ thuật của đường bộ. | J8: =SUBSTITUTE(IF(OR(LEFT(A12,3)="Câu",I8=""),"",IF(B12=0,"",B12)),CHAR(34),CHAR(92)&CHAR(34)) -> Là khoảng trống có kích thước giới hạn về chiều rộng của đường, cầu, bến phà, hầm trên đường bộ để các xe kể cả hàng hóa xếp trên xe đi qua được an toàn. | K8: =SUBSTITUTE(SUBSTITUTE(SUBSTITUTE(SUBSTITUTE(IFERROR(VLOOKUP("Câu "&D8&".",dapan!$E:$J,6,0),""),"1","A"),"2","B"),"3","C"),"4","D") | P8: =D8 | Q8: =IF(D8="","",CHAR(123)&CHAR(34)&"num"&CHAR(34)&":"&P8&","&CHAR(34)&"id"&CHAR(34)&":"&D8&"," &CHAR(34)&"q"&CHAR(34)&":"&CHAR(34)&E8&CHAR(34)&"," &IF(F8="","",CHAR(34)&"img"&CHAR(34)&":"&CHAR(34)&F8&CHAR(34)&",") &CHAR(34)&"opts"&CHAR(34)&":"&CHAR(123)&CHAR(34)&"A"&CHAR(34)&":"&CHAR(34)&G8&CHAR(34)&","&CHAR(34)&"B"&CHAR(34)&":"&CHAR(34)&H8&CHAR(34) &IF(I8="","",","&CHAR(34)&"C"&CHAR(34)&":"&CHAR(34)&I8&CHAR(34))&IF(J8="","",","&CHAR(34)&"D"&CHAR(34)&":"&CHAR(34)&J8&CHAR(34))&CHAR(125)&"," &CHAR(34)&"answer"&CHAR(34)&":"&CHAR(34)&K8&CHAR(34) &IF(L8="","",","&CHAR(34)&"danger"&CHAR(34)&":"&CHAR(34)&"true"&CHAR(34)) &IF(M8="","",","&CHAR(34)&"explain"&CHAR(34)&":"&CHAR(34)&M8&CHAR(34)) &IF(N8="","",","&CHAR(34)&"explainImg"&CHAR(34)&":"&CHAR(34)&N8&CHAR(34)) &IF(O8="","",","&CHAR(34)&"shuffle"&CHAR(34)&":"&CHAR(34)&"false"&CHAR(34))&CHAR(125)&",") | R8: =CHAR(S8) -> _x000C_ | S8: =S7+1 -> 12
A9: 3 | B9: Là đường cho xe ô tô chạy, dừng, đỗ an toàn. | C9: =IFERROR(COUNTIFS($A$1:A9,"Câu "&"*")-MID(A9,5,FIND(".",A9,1)-5),0) -> 0 | D9: =IF(LEFT(A9,3)="Câu",VALUE(MID(A9,5,FIND(".",A9,1)-5)),"") | E9: =SUBSTITUTE(IF(LEFT(A9,3)="Câu",MID(A9,FIND(".",A9,1)+2,LEN(A9)),""),CHAR(34),CHAR(92)&CHAR(34)) | G9: =SUBSTITUTE(B10,CHAR(34),CHAR(92)&CHAR(34)) | H9: =SUBSTITUTE(B11,CHAR(34),CHAR(92)&CHAR(34)) -> Khổ giới hạn của đường bộ là khoảng trống có kích thước giới hạn về chiều rộng, chiều cao của đường bộ để các xe, bao gồm cả hàng hoá xếp trên xe đi qua được an toàn và được xác định theo quy chuẩn, tiêu chuẩn kỹ thuật của đường bộ. | I9: =SUBSTITUTE(IF(LEFT(A12,3)="Câu","",B12),CHAR(34),CHAR(92)&CHAR(34)) -> Là khoảng trống có kích thước giới hạn về chiều rộng của đường, cầu, bến phà, hầm trên đường bộ để các xe kể cả hàng hóa xếp trên xe đi qua được an toàn. | J9: =SUBSTITUTE(IF(OR(LEFT(A13,3)="Câu",I9=""),"",IF(B13=0,"",B13)),CHAR(34),CHAR(92)&CHAR(34)) -> Là khoảng trống có kích thước giới hạn về chiều cao của cầu, bến phà, hầm trên đường bộ để các xe đi qua được an toàn. | K9: =SUBSTITUTE(SUBSTITUTE(SUBSTITUTE(SUBSTITUTE(IFERROR(VLOOKUP("Câu "&D9&".",dapan!$E:$J,6,0),""),"1","A"),"2","B"),"3","C"),"4","D") | P9: =D9 | Q9: =IF(D9="","",CHAR(123)&CHAR(34)&"num"&CHAR(34)&":"&P9&","&CHAR(34)&"id"&CHAR(34)&":"&D9&"," &CHAR(34)&"q"&CHAR(34)&":"&CHAR(34)&E9&CHAR(34)&"," &IF(F9="","",CHAR(34)&"img"&CHAR(34)&":"&CHAR(34)&F9&CHAR(34)&",") &CHAR(34)&"opts"&CHAR(34)&":"&CHAR(123)&CHAR(34)&"A"&CHAR(34)&":"&CHAR(34)&G9&CHAR(34)&","&CHAR(34)&"B"&CHAR(34)&":"&CHAR(34)&H9&CHAR(34) &IF(I9="","",","&CHAR(34)&"C"&CHAR(34)&":"&CHAR(34)&I9&CHAR(34))&IF(J9="","",","&CHAR(34)&"D"&CHAR(34)&":"&CHAR(34)&J9&CHAR(34))&CHAR(125)&"," &CHAR(34)&"answer"&CHAR(34)&":"&CHAR(34)&K9&CHAR(34) &IF(L9="","",","&CHAR(34)&"danger"&CHAR(34)&":"&CHAR(34)&"true"&CHAR(34)) &IF(M9="","",","&CHAR(34)&"explain"&CHAR(34)&":"&CHAR(34)&M9&CHAR(34)) &IF(N9="","",","&CHAR(34)&"explainImg"&CHAR(34)&":"&CHAR(34)&N9&CHAR(34)) &IF(O9="","",","&CHAR(34)&"shuffle"&CHAR(34)&":"&CHAR(34)&"false"&CHAR(34))&CHAR(125)&",") | R9: =CHAR(S9) -> _x000D_ | S9: =S8+1 -> 13
A10: Câu 3. Khổ giới hạn của đường bộ được hiểu như thế nào là đúng? | C10: =IFERROR(COUNTIFS($A$1:A10,"Câu "&"*")-MID(A10,5,FIND(".",A10,1)-5),0) -> 0 | D10: =IF(LEFT(A10,3)="Câu",VALUE(MID(A10,5,FIND(".",A10,1)-5)),"") -> 3 | E10: =SUBSTITUTE(IF(LEFT(A10,3)="Câu",MID(A10,FIND(".",A10,1)+2,LEN(A10)),""),CHAR(34),CHAR(92)&CHAR(34)) -> Khổ giới hạn của đường bộ được hiểu như thế nào là đúng? | G10: =SUBSTITUTE(B11,CHAR(34),CHAR(92)&CHAR(34)) -> Khổ giới hạn của đường bộ là khoảng trống có kích thước giới hạn về chiều rộng, chiều cao của đường bộ để các xe, bao gồm cả hàng hoá xếp trên xe đi qua được an toàn và được xác định theo quy chuẩn, tiêu chuẩn kỹ thuật của đường bộ. | H10: =SUBSTITUTE(B12,CHAR(34),CHAR(92)&CHAR(34)) -> Là khoảng trống có kích thước giới hạn về chiều rộng của đường, cầu, bến phà, hầm trên đường bộ để các xe kể cả hàng hóa xếp trên xe đi qua được an toàn. | I10: =SUBSTITUTE(IF(LEFT(A13,3)="Câu","",B13),CHAR(34),CHAR(92)&CHAR(34)) -> Là khoảng trống có kích thước giới hạn về chiều cao của cầu, bến phà, hầm trên đường bộ để các xe đi qua được an toàn. | J10: =SUBSTITUTE(IF(OR(LEFT(A14,3)="Câu",I10=""),"",IF(B14=0,"",B14)),CHAR(34),CHAR(92)&CHAR(34)) | K10: =SUBSTITUTE(SUBSTITUTE(SUBSTITUTE(SUBSTITUTE(IFERROR(VLOOKUP("Câu "&D10&".",dapan!$E:$J,6,0),""),"1","A"),"2","B"),"3","C"),"4","D") -> A | P10: =D10 -> 3 | Q10: =IF(D10="","",CHAR(123)&CHAR(34)&"num"&CHAR(34)&":"&P10&","&CHAR(34)&"id"&CHAR(34)&":"&D10&"," &CHAR(34)&"q"&CHAR(34)&":"&CHAR(34)&E10&CHAR(34)&"," &IF(F10="","",CHAR(34)&"img"&CHAR(34)&":"&CHAR(34)&F10&CHAR(34)&",") &CHAR(34)&"opts"&CHAR(34)&":"&CHAR(123)&CHAR(34)&"A"&CHAR(34)&":"&CHAR(34)&G10&CHAR(34)&","&CHAR(34)&"B"&CHAR(34)&":"&CHAR(34)&H10&CHAR(34) &IF(I10="","",","&CHAR(34)&"C"&CHAR(34)&":"&CHAR(34)&I10&CHAR(34))&IF(J10="","",","&CHAR(34)&"D"&CHAR(34)&":"&CHAR(34)&J10&CHAR(34))&CHAR(125)&"," &CHAR(34)&"answer"&CHAR(34)&":"&CHAR(34)&K10&CHAR(34) &IF(L10="","",","&CHAR(34)&"danger"&CHAR(34)&":"&CHAR(34)&"true"&CHAR(34)) &IF(M10="","",","&CHAR(34)&"explain"&CHAR(34)&":"&CHAR(34)&M10&CHAR(34)) &IF(N10="","",","&CHAR(34)&"explainImg"&CHAR(34)&":"&CHAR(34)&N10&CHAR(34)) &IF(O10="","",","&CHAR(34)&"shuffle"&CHAR(34)&":"&CHAR(34)&"false"&CHAR(34))&CHAR(125)&",") -> {"num":3,"id":3,"q":"Khổ giới hạn của đường bộ được hiểu như thế nào là đúng?","opts":{"A":"Khổ giới hạn của đường bộ là khoảng trống có kích thước giới hạn về chiều rộng, chiều cao của đường bộ để các xe, bao gồm cả hàng hoá xếp trên xe đi qua được an toàn và được xác định theo quy chuẩn, tiêu chuẩn kỹ thuật của đường bộ.","B":"Là khoảng trống có kích thước giới hạn về chiều rộng của đường, cầu, bến phà, hầm trên đường bộ để các xe kể cả hàng hóa xếp trên xe đi qua được an toàn.","C":"Là khoảng trống có kích thước giới hạn về chiều cao của cầu, bến phà, hầm trên đường bộ để các xe đi qua được an toàn."},"answer":"A"}, | R10: =CHAR(S10) -> _x000E_ | S10: =S9+1 -> 14
A11: 1 | B11: Khổ giới hạn của đường bộ là khoảng trống có kích thước giới hạn về chiều rộng, chiều cao của đường bộ để các xe, bao gồm cả hàng hoá xếp trên xe đi qua được an toàn và được xác định theo quy chuẩn, tiêu chuẩn kỹ thuật của đường bộ. | C11: =IFERROR(COUNTIFS($A$1:A11,"Câu "&"*")-MID(A11,5,FIND(".",A11,1)-5),0) -> 0 | D11: =IF(LEFT(A11,3)="Câu",VALUE(MID(A11,5,FIND(".",A11,1)-5)),"") | E11: =SUBSTITUTE(IF(LEFT(A11,3)="Câu",MID(A11,FIND(".",A11,1)+2,LEN(A11)),""),CHAR(34),CHAR(92)&CHAR(34)) | G11: =SUBSTITUTE(B12,CHAR(34),CHAR(92)&CHAR(34)) -> Là khoảng trống có kích thước giới hạn về chiều rộng của đường, cầu, bến phà, hầm trên đường bộ để các xe kể cả hàng hóa xếp trên xe đi qua được an toàn. | H11: =SUBSTITUTE(B13,CHAR(34),CHAR(92)&CHAR(34)) -> Là khoảng trống có kích thước giới hạn về chiều cao của cầu, bến phà, hầm trên đường bộ để các xe đi qua được an toàn. | I11: =SUBSTITUTE(IF(LEFT(A14,3)="Câu","",B14),CHAR(34),CHAR(92)&CHAR(34)) | J11: =SUBSTITUTE(IF(OR(LEFT(A15,3)="Câu",I11=""),"",IF(B15=0,"",B15)),CHAR(34),CHAR(92)&CHAR(34)) | K11: =SUBSTITUTE(SUBSTITUTE(SUBSTITUTE(SUBSTITUTE(IFERROR(VLOOKUP("Câu "&D11&".",dapan!$E:$J,6,0),""),"1","A"),"2","B"),"3","C"),"4","D") | P11: =D11 | Q11: =IF(D11="","",CHAR(123)&CHAR(34)&"num"&CHAR(34)&":"&P11&","&CHAR(34)&"id"&CHAR(34)&":"&D11&"," &CHAR(34)&"q"&CHAR(34)&":"&CHAR(34)&E11&CHAR(34)&"," &IF(F11="","",CHAR(34)&"img"&CHAR(34)&":"&CHAR(34)&F11&CHAR(34)&",") &CHAR(34)&"opts"&CHAR(34)&":"&CHAR(123)&CHAR(34)&"A"&CHAR(34)&":"&CHAR(34)&G11&CHAR(34)&","&CHAR(34)&"B"&CHAR(34)&":"&CHAR(34)&H11&CHAR(34) &IF(I11="","",","&CHAR(34)&"C"&CHAR(34)&":"&CHAR(34)&I11&CHAR(34))&IF(J11="","",","&CHAR(34)&"D"&CHAR(34)&":"&CHAR(34)&J11&CHAR(34))&CHAR(125)&"," &CHAR(34)&"answer"&CHAR(34)&":"&CHAR(34)&K11&CHAR(34) &IF(L11="","",","&CHAR(34)&"danger"&CHAR(34)&":"&CHAR(34)&"true"&CHAR(34)) &IF(M11="","",","&CHAR(34)&"explain"&CHAR(34)&":"&CHAR(34)&M11&CHAR(34)) &IF(N11="","",","&CHAR(34)&"explainImg"&CHAR(34)&":"&CHAR(34)&N11&CHAR(34)) &IF(O11="","",","&CHAR(34)&"shuffle"&CHAR(34)&":"&CHAR(34)&"false"&CHAR(34))&CHAR(125)&",") | R11: =CHAR(S11) -> _x000F_ | S11: =S10+1 -> 15
A12: 2 | B12: Là khoảng trống có kích thước giới hạn về chiều rộng của đường, cầu, bến phà, hầm trên đường bộ để các xe kể cả hàng hóa xếp trên xe đi qua được an toàn. | C12: =IFERROR(COUNTIFS($A$1:A12,"Câu "&"*")-MID(A12,5,FIND(".",A12,1)-5),0) -> 0 | D12: =IF(LEFT(A12,3)="Câu",VALUE(MID(A12,5,FIND(".",A12,1)-5)),"") | E12: =SUBSTITUTE(IF(LEFT(A12,3)="Câu",MID(A12,FIND(".",A12,1)+2,LEN(A12)),""),CHAR(34),CHAR(92)&CHAR(34)) | G12: =SUBSTITUTE(B13,CHAR(34),CHAR(92)&CHAR(34)) -> Là khoảng trống có kích thước giới hạn về chiều cao của cầu, bến phà, hầm trên đường bộ để các xe đi qua được an toàn. | H12: =SUBSTITUTE(B14,CHAR(34),CHAR(92)&CHAR(34)) | I12: =SUBSTITUTE(IF(LEFT(A15,3)="Câu","",B15),CHAR(34),CHAR(92)&CHAR(34)) -> Để phân chia các làn đường dành cho xe cơ giới và xe thô sơ trên đường cao tốc. | J12: =SUBSTITUTE(IF(OR(LEFT(A16,3)="Câu",I12=""),"",IF(B16=0,"",B16)),CHAR(34),CHAR(92)&CHAR(34)) -> Để phân chia phần đường xe chạy thành hai chiều riêng biệt hoặc để phân chia phần đường dành cho xe cơ giới và xe thô sơ hoặc của nhiều loại xe khác nhau trên cùng một chiều đường. | K12: =SUBSTITUTE(SUBSTITUTE(SUBSTITUTE(SUBSTITUTE(IFERROR(VLOOKUP("Câu "&D12&".",dapan!$E:$J,6,0),""),"1","A"),"2","B"),"3","C"),"4","D") | P12: =D12 | Q12: =IF(D12="","",CHAR(123)&CHAR(34)&"num"&CHAR(34)&":"&P12&","&CHAR(34)&"id"&CHAR(34)&":"&D12&"," &CHAR(34)&"q"&CHAR(34)&":"&CHAR(34)&E12&CHAR(34)&"," &IF(F12="","",CHAR(34)&"img"&CHAR(34)&":"&CHAR(34)&F12&CHAR(34)&",") &CHAR(34)&"opts"&CHAR(34)&":"&CHAR(123)&CHAR(34)&"A"&CHAR(34)&":"&CHAR(34)&G12&CHAR(34)&","&CHAR(34)&"B"&CHAR(34)&":"&CHAR(34)&H12&CHAR(34) &IF(I12="","",","&CHAR(34)&"C"&CHAR(34)&":"&CHAR(34)&I12&CHAR(34))&IF(J12="","",","&CHAR(34)&"D"&CHAR(34)&":"&CHAR(34)&J12&CHAR(34))&CHAR(125)&"," &CHAR(34)&"answer"&CHAR(34)&":"&CHAR(34)&K12&CHAR(34) &IF(L12="","",","&CHAR(34)&"danger"&CHAR(34)&":"&CHAR(34)&"true"&CHAR(34)) &IF(M12="","",","&CHAR(34)&"explain"&CHAR(34)&":"&CHAR(34)&M12&CHAR(34)) &IF(N12="","",","&CHAR(34)&"explainImg"&CHAR(34)&":"&CHAR(34)&N12&CHAR(34)) &IF(O12="","",","&CHAR(34)&"shuffle"&CHAR(34)&":"&CHAR(34)&"false"&CHAR(34))&CHAR(125)&",") | R12: =CHAR(S12) -> _x0010_ | S12: =S11+1 -> 16
A13: 3 | B13: Là khoảng trống có kích thước giới hạn về chiều cao của cầu, bến phà, hầm trên đường bộ để các xe đi qua được an toàn. | C13: =IFERROR(COUNTIFS($A$1:A13,"Câu "&"*")-MID(A13,5,FIND(".",A13,1)-5),0) -> 0 | D13: =IF(LEFT(A13,3)="Câu",VALUE(MID(A13,5,FIND(".",A13,1)-5)),"") | E13: =SUBSTITUTE(IF(LEFT(A13,3)="Câu",MID(A13,FIND(".",A13,1)+2,LEN(A13)),""),CHAR(34),CHAR(92)&CHAR(34)) | G13: =SUBSTITUTE(B14,CHAR(34),CHAR(92)&CHAR(34)) | H13: =SUBSTITUTE(B15,CHAR(34),CHAR(92)&CHAR(34)) -> Để phân chia các làn đường dành cho xe cơ giới và xe thô sơ trên đường cao tốc. | I13: =SUBSTITUTE(IF(LEFT(A16,3)="Câu","",B16),CHAR(34),CHAR(92)&CHAR(34)) -> Để phân chia phần đường xe chạy thành hai chiều riêng biệt hoặc để phân chia phần đường dành cho xe cơ giới và xe thô sơ hoặc của nhiều loại xe khác nhau trên cùng một chiều đường. | J13: =SUBSTITUTE(IF(OR(LEFT(A17,3)="Câu",I13=""),"",IF(B17=0,"",B17)),CHAR(34),CHAR(92)&CHAR(34)) -> Để phân tách phần đường xe chạy và hành lang an toàn giao thông. | K13: =SUBSTITUTE(SUBSTITUTE(SUBSTITUTE(SUBSTITUTE(IFERROR(VLOOKUP("Câu "&D13&".",dapan!$E:$J,6,0),""),"1","A"),"2","B"),"3","C"),"4","D") | P13: =D13 | Q13: =IF(D13="","",CHAR(123)&CHAR(34)&"num"&CHAR(34)&":"&P13&","&CHAR(34)&"id"&CHAR(34)&":"&D13&"," &CHAR(34)&"q"&CHAR(34)&":"&CHAR(34)&E13&CHAR(34)&"," &IF(F13="","",CHAR(34)&"img"&CHAR(34)&":"&CHAR(34)&F13&CHAR(34)&",") &CHAR(34)&"opts"&CHAR(34)&":"&CHAR(123)&CHAR(34)&"A"&CHAR(34)&":"&CHAR(34)&G13&CHAR(34)&","&CHAR(34)&"B"&CHAR(34)&":"&CHAR(34)&H13&CHAR(34) &IF(I13="","",","&CHAR(34)&"C"&CHAR(34)&":"&CHAR(34)&I13&CHAR(34))&IF(J13="","",","&CHAR(34)&"D"&CHAR(34)&":"&CHAR(34)&J13&CHAR(34))&CHAR(125)&"," &CHAR(34)&"answer"&CHAR(34)&":"&CHAR(34)&K13&CHAR(34) &IF(L13="","",","&CHAR(34)&"danger"&CHAR(34)&":"&CHAR(34)&"true"&CHAR(34)) &IF(M13="","",","&CHAR(34)&"explain"&CHAR(34)&":"&CHAR(34)&M13&CHAR(34)) &IF(N13="","",","&CHAR(34)&"explainImg"&CHAR(34)&":"&CHAR(34)&N13&CHAR(34)) &IF(O13="","",","&CHAR(34)&"shuffle"&CHAR(34)&":"&CHAR(34)&"false"&CHAR(34))&CHAR(125)&",") | R13: =CHAR(S13) -> _x0011_ | S13: =S12+1 -> 17
A14: Câu 4. Dải phân cách được lắp đặt để làm gì? | C14: =IFERROR(COUNTIFS($A$1:A14,"Câu "&"*")-MID(A14,5,FIND(".",A14,1)-5),0) -> 0 | D14: =IF(LEFT(A14,3)="Câu",VALUE(MID(A14,5,FIND(".",A14,1)-5)),"") -> 4 | E14: =SUBSTITUTE(IF(LEFT(A14,3)="Câu",MID(A14,FIND(".",A14,1)+2,LEN(A14)),""),CHAR(34),CHAR(92)&CHAR(34)) -> Dải phân cách được lắp đặt để làm gì? | G14: =SUBSTITUTE(B15,CHAR(34),CHAR(92)&CHAR(34)) -> Để phân chia các làn đường dành cho xe cơ giới và xe thô sơ trên đường cao tốc. | H14: =SUBSTITUTE(B16,CHAR(34),CHAR(92)&CHAR(34)) -> Để phân chia phần đường xe chạy thành hai chiều riêng biệt hoặc để phân chia phần đường dành cho xe cơ giới và xe thô sơ hoặc của nhiều loại xe khác nhau trên cùng một chiều đường. | I14: =SUBSTITUTE(IF(LEFT(A17,3)="Câu","",B17),CHAR(34),CHAR(92)&CHAR(34)) -> Để phân tách phần đường xe chạy và hành lang an toàn giao thông. | J14: =SUBSTITUTE(IF(OR(LEFT(A18,3)="Câu",I14=""),"",IF(B18=0,"",B18)),CHAR(34),CHAR(92)&CHAR(34)) | K14: =SUBSTITUTE(SUBSTITUTE(SUBSTITUTE(SUBSTITUTE(IFERROR(VLOOKUP("Câu "&D14&".",dapan!$E:$J,6,0),""),"1","A"),"2","B"),"3","C"),"4","D") -> B | P14: =D14 -> 4 | Q14: =IF(D14="","",CHAR(123)&CHAR(34)&"num"&CHAR(34)&":"&P14&","&CHAR(34)&"id"&CHAR(34)&":"&D14&"," &CHAR(34)&"q"&CHAR(34)&":"&CHAR(34)&E14&CHAR(34)&"," &IF(F14="","",CHAR(34)&"img"&CHAR(34)&":"&CHAR(34)&F14&CHAR(34)&",") &CHAR(34)&"opts"&CHAR(34)&":"&CHAR(123)&CHAR(34)&"A"&CHAR(34)&":"&CHAR(34)&G14&CHAR(34)&","&CHAR(34)&"B"&CHAR(34)&":"&CHAR(34)&H14&CHAR(34) &IF(I14="","",","&CHAR(34)&"C"&CHAR(34)&":"&CHAR(34)&I14&CHAR(34))&IF(J14="","",","&CHAR(34)&"D"&CHAR(34)&":"&CHAR(34)&J14&CHAR(34))&CHAR(125)&"," &CHAR(34)&"answer"&CHAR(34)&":"&CHAR(34)&K14&CHAR(34) &IF(L14="","",","&CHAR(34)&"danger"&CHAR(34)&":"&CHAR(34)&"true"&CHAR(34)) &IF(M14="","",","&CHAR(34)&"explain"&CHAR(34)&":"&CHAR(34)&M14&CHAR(34)) &IF(N14="","",","&CHAR(34)&"explainImg"&CHAR(34)&":"&CHAR(34)&N14&CHAR(34)) &IF(O14="","",","&CHAR(34)&"shuffle"&CHAR(34)&":"&CHAR(34)&"false"&CHAR(34))&CHAR(125)&",") -> {"num":4,"id":4,"q":"Dải phân cách được lắp đặt để làm gì?","opts":{"A":"Để phân chia các làn đường dành cho xe cơ giới và xe thô sơ trên đường cao tốc.","B":"Để phân chia phần đường xe chạy thành hai chiều riêng biệt hoặc để phân chia phần đường dành cho xe cơ giới và xe thô sơ hoặc của nhiều loại xe khác nhau trên cùng một chiều đường.","C":"Để phân tách phần đường xe chạy và hành lang an toàn giao thông."},"answer":"B"}, | R14: =CHAR(S14) -> _x0012_ | S14: =S13+1 -> 18
A15: 1 | B15: Để phân chia các làn đường dành cho xe cơ giới và xe thô sơ trên đường cao tốc. | C15: =IFERROR(COUNTIFS($A$1:A15,"Câu "&"*")-MID(A15,5,FIND(".",A15,1)-5),0) -> 0 | D15: =IF(LEFT(A15,3)="Câu",VALUE(MID(A15,5,FIND(".",A15,1)-5)),"") | E15: =SUBSTITUTE(IF(LEFT(A15,3)="Câu",MID(A15,FIND(".",A15,1)+2,LEN(A15)),""),CHAR(34),CHAR(92)&CHAR(34)) | G15: =SUBSTITUTE(B16,CHAR(34),CHAR(92)&CHAR(34)) -> Để phân chia phần đường xe chạy thành hai chiều riêng biệt hoặc để phân chia phần đường dành cho xe cơ giới và xe thô sơ hoặc của nhiều loại xe khác nhau trên cùng một chiều đường. | H15: =SUBSTITUTE(B17,CHAR(34),CHAR(92)&CHAR(34)) -> Để phân tách phần đường xe chạy và hành lang an toàn giao thông. | I15: =SUBSTITUTE(IF(LEFT(A18,3)="Câu","",B18),CHAR(34),CHAR(92)&CHAR(34)) | J15: =SUBSTITUTE(IF(OR(LEFT(A19,3)="Câu",I15=""),"",IF(B19=0,"",B19)),CHAR(34),CHAR(92)&CHAR(34)) | K15: =SUBSTITUTE(SUBSTITUTE(SUBSTITUTE(SUBSTITUTE(IFERROR(VLOOKUP("Câu "&D15&".",dapan!$E:$J,6,0),""),"1","A"),"2","B"),"3","C"),"4","D") | P15: =D15 | Q15: =IF(D15="","",CHAR(123)&CHAR(34)&"num"&CHAR(34)&":"&P15&","&CHAR(34)&"id"&CHAR(34)&":"&D15&"," &CHAR(34)&"q"&CHAR(34)&":"&CHAR(34)&E15&CHAR(34)&"," &IF(F15="","",CHAR(34)&"img"&CHAR(34)&":"&CHAR(34)&F15&CHAR(34)&",") &CHAR(34)&"opts"&CHAR(34)&":"&CHAR(123)&CHAR(34)&"A"&CHAR(34)&":"&CHAR(34)&G15&CHAR(34)&","&CHAR(34)&"B"&CHAR(34)&":"&CHAR(34)&H15&CHAR(34) &IF(I15="","",","&CHAR(34)&"C"&CHAR(34)&":"&CHAR(34)&I15&CHAR(34))&IF(J15="","",","&CHAR(34)&"D"&CHAR(34)&":"&CHAR(34)&J15&CHAR(34))&CHAR(125)&"," &CHAR(34)&"answer"&CHAR(34)&":"&CHAR(34)&K15&CHAR(34) &IF(L15="","",","&CHAR(34)&"danger"&CHAR(34)&":"&CHAR(34)&"true"&CHAR(34)) &IF(M15="","",","&CHAR(34)&"explain"&CHAR(34)&":"&CHAR(34)&M15&CHAR(34)) &IF(N15="","",","&CHAR(34)&"explainImg"&CHAR(34)&":"&CHAR(34)&N15&CHAR(34)) &IF(O15="","",","&CHAR(34)&"shuffle"&CHAR(34)&":"&CHAR(34)&"false"&CHAR(34))&CHAR(125)&",") | R15: =CHAR(S15) -> _x0013_ | S15: =S14+1 -> 19
A16: 2 | B16: Để phân chia phần đường xe chạy thành hai chiều riêng biệt hoặc để phân chia phần đường dành cho xe cơ giới và xe thô sơ hoặc của nhiều loại xe khác nhau trên cùng một chiều đường. | C16: =IFERROR(COUNTIFS($A$1:A16,"Câu "&"*")-MID(A16,5,FIND(".",A16,1)-5),0) -> 0 | D16: =IF(LEFT(A16,3)="Câu",VALUE(MID(A16,5,FIND(".",A16,1)-5)),"") | E16: =SUBSTITUTE(IF(LEFT(A16,3)="Câu",MID(A16,FIND(".",A16,1)+2,LEN(A16)),""),CHAR(34),CHAR(92)&CHAR(34)) | G16: =SUBSTITUTE(B17,CHAR(34),CHAR(92)&CHAR(34)) -> Để phân tách phần đường xe chạy và hành lang an toàn giao thông. | H16: =SUBSTITUTE(B18,CHAR(34),CHAR(92)&CHAR(34)) | I16: =SUBSTITUTE(IF(LEFT(A19,3)="Câu","",B19),CHAR(34),CHAR(92)&CHAR(34)) -> Là báo hiệu đường bộ để hỗ trợ cảnh báo nguy hiểm cho người tham gia giao thông đường bộ. | J16: =SUBSTITUTE(IF(OR(LEFT(A20,3)="Câu",I16=""),"",IF(B20=0,"",B20)),CHAR(34),CHAR(92)&CHAR(34)) -> Là vạch chỉ sự phân chia làn đường, vị trí hoặc hướng đi, vị trí dừng lại. | K16: =SUBSTITUTE(SUBSTITUTE(SUBSTITUTE(SUBSTITUTE(IFERROR(VLOOKUP("Câu "&D16&".",dapan!$E:$J,6,0),""),"1","A"),"2","B"),"3","C"),"4","D") | P16: =D16 | Q16: =IF(D16="","",CHAR(123)&CHAR(34)&"num"&CHAR(34)&":"&P16&","&CHAR(34)&"id"&CHAR(34)&":"&D16&"," &CHAR(34)&"q"&CHAR(34)&":"&CHAR(34)&E16&CHAR(34)&"," &IF(F16="","",CHAR(34)&"img"&CHAR(34)&":"&CHAR(34)&F16&CHAR(34)&",") &CHAR(34)&"opts"&CHAR(34)&":"&CHAR(123)&CHAR(34)&"A"&CHAR(34)&":"&CHAR(34)&G16&CHAR(34)&","&CHAR(34)&"B"&CHAR(34)&":"&CHAR(34)&H16&CHAR(34) &IF(I16="","",","&CHAR(34)&"C"&CHAR(34)&":"&CHAR(34)&I16&CHAR(34))&IF(J16="","",","&CHAR(34)&"D"&CHAR(34)&":"&CHAR(34)&J16&CHAR(34))&CHAR(125)&"," &CHAR(34)&"answer"&CHAR(34)&":"&CHAR(34)&K16&CHAR(34) &IF(L16="","",","&CHAR(34)&"danger"&CHAR(34)&":"&CHAR(34)&"true"&CHAR(34)) &IF(M16="","",","&CHAR(34)&"explain"&CHAR(34)&":"&CHAR(34)&M16&CHAR(34)) &IF(N16="","",","&CHAR(34)&"explainImg"&CHAR(34)&":"&CHAR(34)&N16&CHAR(34)) &IF(O16="","",","&CHAR(34)&"shuffle"&CHAR(34)&":"&CHAR(34)&"false"&CHAR(34))&CHAR(125)&",") | R16: =CHAR(S16) -> _x0014_ | S16: =S15+1 -> 20
A17: 3 | B17: Để phân tách phần đường xe chạy và hành lang an toàn giao thông. | C17: =IFERROR(COUNTIFS($A$1:A17,"Câu "&"*")-MID(A17,5,FIND(".",A17,1)-5),0) -> 0 | D17: =IF(LEFT(A17,3)="Câu",VALUE(MID(A17,5,FIND(".",A17,1)-5)),"") | E17: =SUBSTITUTE(IF(LEFT(A17,3)="Câu",MID(A17,FIND(".",A17,1)+2,LEN(A17)),""),CHAR(34),CHAR(92)&CHAR(34)) | G17: =SUBSTITUTE(B18,CHAR(34),CHAR(92)&CHAR(34)) | H17: =SUBSTITUTE(B19,CHAR(34),CHAR(92)&CHAR(34)) -> Là báo hiệu đường bộ để hỗ trợ cảnh báo nguy hiểm cho người tham gia giao thông đường bộ. | I17: =SUBSTITUTE(IF(LEFT(A20,3)="Câu","",B20),CHAR(34),CHAR(92)&CHAR(34)) -> Là vạch chỉ sự phân chia làn đường, vị trí hoặc hướng đi, vị trí dừng lại. | J17: =SUBSTITUTE(IF(OR(LEFT(A21,3)="Câu",I17=""),"",IF(B21=0,"",B21)),CHAR(34),CHAR(92)&CHAR(34)) -> Là báo hiệu cho người tham gia giao thông đường bộ về các thông tin của đường bộ. | K17: =SUBSTITUTE(SUBSTITUTE(SUBSTITUTE(SUBSTITUTE(IFERROR(VLOOKUP("Câu "&D17&".",dapan!$E:$J,6,0),""),"1","A"),"2","B"),"3","C"),"4","D") | P17: =D17 | Q17: =IF(D17="","",CHAR(123)&CHAR(34)&"num"&CHAR(34)&":"&P17&","&CHAR(34)&"id"&CHAR(34)&":"&D17&"," &CHAR(34)&"q"&CHAR(34)&":"&CHAR(34)&E17&CHAR(34)&"," &IF(F17="","",CHAR(34)&"img"&CHAR(34)&":"&CHAR(34)&F17&CHAR(34)&",") &CHAR(34)&"opts"&CHAR(34)&":"&CHAR(123)&CHAR(34)&"A"&CHAR(34)&":"&CHAR(34)&G17&CHAR(34)&","&CHAR(34)&"B"&CHAR(34)&":"&CHAR(34)&H17&CHAR(34) &IF(I17="","",","&CHAR(34)&"C"&CHAR(34)&":"&CHAR(34)&I17&CHAR(34))&IF(J17="","",","&CHAR(34)&"D"&CHAR(34)&":"&CHAR(34)&J17&CHAR(34))&CHAR(125)&"," &CHAR(34)&"answer"&CHAR(34)&":"&CHAR(34)&K17&CHAR(34) &IF(L17="","",","&CHAR(34)&"danger"&CHAR(34)&":"&CHAR(34)&"true"&CHAR(34)) &IF(M17="","",","&CHAR(34)&"explain"&CHAR(34)&":"&CHAR(34)&M17&CHAR(34)) &IF(N17="","",","&CHAR(34)&"explainImg"&CHAR(34)&":"&CHAR(34)&N17&CHAR(34)) &IF(O17="","",","&CHAR(34)&"shuffle"&CHAR(34)&":"&CHAR(34)&"false"&CHAR(34))&CHAR(125)&",") | R17: =CHAR(S17) -> _x0015_ | S17: =S16+1 -> 21
A18: Câu 5. Vạch kẻ đường là gì? | C18: =IFERROR(COUNTIFS($A$1:A18,"Câu "&"*")-MID(A18,5,FIND(".",A18,1)-5),0) -> 0 | D18: =IF(LEFT(A18,3)="Câu",VALUE(MID(A18,5,FIND(".",A18,1)-5)),"") -> 5 | E18: =SUBSTITUTE(IF(LEFT(A18,3)="Câu",MID(A18,FIND(".",A18,1)+2,LEN(A18)),""),CHAR(34),CHAR(92)&CHAR(34)) -> Vạch kẻ đường là gì? | G18: =SUBSTITUTE(B19,CHAR(34),CHAR(92)&CHAR(34)) -> Là báo hiệu đường bộ để hỗ trợ cảnh báo nguy hiểm cho người tham gia giao thông đường bộ. | H18: =SUBSTITUTE(B20,CHAR(34),CHAR(92)&CHAR(34)) -> Là vạch chỉ sự phân chia làn đường, vị trí hoặc hướng đi, vị trí dừng lại. | I18: =SUBSTITUTE(IF(LEFT(A21,3)="Câu","",B21),CHAR(34),CHAR(92)&CHAR(34)) -> Là báo hiệu cho người tham gia giao thông đường bộ về các thông tin của đường bộ. | J18: =SUBSTITUTE(IF(OR(LEFT(A22,3)="Câu",I18=""),"",IF(B22=0,"",B22)),CHAR(34),CHAR(92)&CHAR(34)) -> Cả ba ý trên. | K18: =SUBSTITUTE(SUBSTITUTE(SUBSTITUTE(SUBSTITUTE(IFERROR(VLOOKUP("Câu "&D18&".",dapan!$E:$J,6,0),""),"1","A"),"2","B"),"3","C"),"4","D") -> B | P18: =D18 -> 5 | Q18: =IF(D18="","",CHAR(123)&CHAR(34)&"num"&CHAR(34)&":"&P18&","&CHAR(34)&"id"&CHAR(34)&":"&D18&"," &CHAR(34)&"q"&CHAR(34)&":"&CHAR(34)&E18&CHAR(34)&"," &IF(F18="","",CHAR(34)&"img"&CHAR(34)&":"&CHAR(34)&F18&CHAR(34)&",") &CHAR(34)&"opts"&CHAR(34)&":"&CHAR(123)&CHAR(34)&"A"&CHAR(34)&":"&CHAR(34)&G18&CHAR(34)&","&CHAR(34)&"B"&CHAR(34)&":"&CHAR(34)&H18&CHAR(34) &IF(I18="","",","&CHAR(34)&"C"&CHAR(34)&":"&CHAR(34)&I18&CHAR(34))&IF(J18="","",","&CHAR(34)&"D"&CHAR(34)&":"&CHAR(34)&J18&CHAR(34))&CHAR(125)&"," &CHAR(34)&"answer"&CHAR(34)&":"&CHAR(34)&K18&CHAR(34) &IF(L18="","",","&CHAR(34)&"danger"&CHAR(34)&":"&CHAR(34)&"true"&CHAR(34)) &IF(M18="","",","&CHAR(34)&"explain"&CHAR(34)&":"&CHAR(34)&M18&CHAR(34)) &IF(N18="","",","&CHAR(34)&"explainImg"&CHAR(34)&":"&CHAR(34)&N18&CHAR(34)) &IF(O18="","",","&CHAR(34)&"shuffle"&CHAR(34)&":"&CHAR(34)&"false"&CHAR(34))&CHAR(125)&",") -> {"num":5,"id":5,"q":"Vạch kẻ đường là gì?","opts":{"A":"Là báo hiệu đường bộ để hỗ trợ cảnh báo nguy hiểm cho người tham gia giao thông đường bộ.","B":"Là vạch chỉ sự phân chia làn đường, vị trí hoặc hướng đi, vị trí dừng lại.","C":"Là báo hiệu cho người tham gia giao thông đường bộ về các thông tin của đường bộ.","D":"Cả ba ý trên."},"answer":"B"}, | R18: =CHAR(S18) -> _x0016_ | S18: =S17+1 -> 22
A19: 1 | B19: Là báo hiệu đường bộ để hỗ trợ cảnh báo nguy hiểm cho người tham gia giao thông đường bộ. | C19: =IFERROR(COUNTIFS($A$1:A19,"Câu "&"*")-MID(A19,5,FIND(".",A19,1)-5),0) -> 0 | D19: =IF(LEFT(A19,3)="Câu",VALUE(MID(A19,5,FIND(".",A19,1)-5)),"") | E19: =SUBSTITUTE(IF(LEFT(A19,3)="Câu",MID(A19,FIND(".",A19,1)+2,LEN(A19)),""),CHAR(34),CHAR(92)&CHAR(34)) | G19: =SUBSTITUTE(B20,CHAR(34),CHAR(92)&CHAR(34)) -> Là vạch chỉ sự phân chia làn đường, vị trí hoặc hướng đi, vị trí dừng lại. | H19: =SUBSTITUTE(B21,CHAR(34),CHAR(92)&CHAR(34)) -> Là báo hiệu cho người tham gia giao thông đường bộ về các thông tin của đường bộ. | I19: =SUBSTITUTE(IF(LEFT(A22,3)="Câu","",B22),CHAR(34),CHAR(92)&CHAR(34)) -> Cả ba ý trên. | J19: =SUBSTITUTE(IF(OR(LEFT(A23,3)="Câu",I19=""),"",IF(B23=0,"",B23)),CHAR(34),CHAR(92)&CHAR(34)) | K19: =SUBSTITUTE(SUBSTITUTE(SUBSTITUTE(SUBSTITUTE(IFERROR(VLOOKUP("Câu "&D19&".",dapan!$E:$J,6,0),""),"1","A"),"2","B"),"3","C"),"4","D") | P19: =D19 | Q19: =IF(D19="","",CHAR(123)&CHAR(34)&"num"&CHAR(34)&":"&P19&","&CHAR(34)&"id"&CHAR(34)&":"&D19&"," &CHAR(34)&"q"&CHAR(34)&":"&CHAR(34)&E19&CHAR(34)&"," &IF(F19="","",CHAR(34)&"img"&CHAR(34)&":"&CHAR(34)&F19&CHAR(34)&",") &CHAR(34)&"opts"&CHAR(34)&":"&CHAR(123)&CHAR(34)&"A"&CHAR(34)&":"&CHAR(34)&G19&CHAR(34)&","&CHAR(34)&"B"&CHAR(34)&":"&CHAR(34)&H19&CHAR(34) &IF(I19="","",","&CHAR(34)&"C"&CHAR(34)&":"&CHAR(34)&I19&CHAR(34))&IF(J19="","",","&CHAR(34)&"D"&CHAR(34)&":"&CHAR(34)&J19&CHAR(34))&CHAR(125)&"," &CHAR(34)&"answer"&CHAR(34)&":"&CHAR(34)&K19&CHAR(34) &IF(L19="","",","&CHAR(34)&"danger"&CHAR(34)&":"&CHAR(34)&"true"&CHAR(34)) &IF(M19="","",","&CHAR(34)&"explain"&CHAR(34)&":"&CHAR(34)&M19&CHAR(34)) &IF(N19="","",","&CHAR(34)&"explainImg"&CHAR(34)&":"&CHAR(34)&N19&CHAR(34)) &IF(O19="","",","&CHAR(34)&"shuffle"&CHAR(34)&":"&CHAR(34)&"false"&CHAR(34))&CHAR(125)&",") | R19: =CHAR(S19) -> _x0017_ | S19: =S18+1 -> 23
A20: 2 | B20: Là vạch chỉ sự phân chia làn đường, vị trí hoặc hướng đi, vị trí dừng lại. | C20: =IFERROR(COUNTIFS($A$1:A20,"Câu "&"*")-MID(A20,5,FIND(".",A20,1)-5),0) -> 0 | D20: =IF(LEFT(A20,3)="Câu",VALUE(MID(A20,5,FIND(".",A20,1)-5)),"") | E20: =SUBSTITUTE(IF(LEFT(A20,3)="Câu",MID(A20,FIND(".",A20,1)+2,LEN(A20)),""),CHAR(34),CHAR(92)&CHAR(34)) | G20: =SUBSTITUTE(B21,CHAR(34),CHAR(92)&CHAR(34)) -> Là báo hiệu cho người tham gia giao thông đường bộ về các thông tin của đường bộ. | H20: =SUBSTITUTE(B22,CHAR(34),CHAR(92)&CHAR(34)) -> Cả ba ý trên. | I20: =SUBSTITUTE(IF(LEFT(A23,3)="Câu","",B23),CHAR(34),CHAR(92)&CHAR(34)) | J20: =SUBSTITUTE(IF(OR(LEFT(A24,3)="Câu",I20=""),"",IF(B24=0,"",B24)),CHAR(34),CHAR(92)&CHAR(34)) | K20: =SUBSTITUTE(SUBSTITUTE(SUBSTITUTE(SUBSTITUTE(IFERROR(VLOOKUP("Câu "&D20&".",dapan!$E:$J,6,0),""),"1","A"),"2","B"),"3","C"),"4","D") | P20: =D20 | Q20: =IF(D20="","",CHAR(123)&CHAR(34)&"num"&CHAR(34)&":"&P20&","&CHAR(34)&"id"&CHAR(34)&":"&D20&"," &CHAR(34)&"q"&CHAR(34)&":"&CHAR(34)&E20&CHAR(34)&"," &IF(F20="","",CHAR(34)&"img"&CHAR(34)&":"&CHAR(34)&F20&CHAR(34)&",") &CHAR(34)&"opts"&CHAR(34)&":"&CHAR(123)&CHAR(34)&"A"&CHAR(34)&":"&CHAR(34)&G20&CHAR(34)&","&CHAR(34)&"B"&CHAR(34)&":"&CHAR(34)&H20&CHAR(34) &IF(I20="","",","&CHAR(34)&"C"&CHAR(34)&":"&CHAR(34)&I20&CHAR(34))&IF(J20="","",","&CHAR(34)&"D"&CHAR(34)&":"&CHAR(34)&J20&CHAR(34))&CHAR(125)&"," &CHAR(34)&"answer"&CHAR(34)&":"&CHAR(34)&K20&CHAR(34) &IF(L20="","",","&CHAR(34)&"danger"&CHAR(34)&":"&CHAR(34)&"true"&CHAR(34)) &IF(M20="","",","&CHAR(34)&"explain"&CHAR(34)&":"&CHAR(34)&M20&CHAR(34)) &IF(N20="","",","&CHAR(34)&"explainImg"&CHAR(34)&":"&CHAR(34)&N20&CHAR(34)) &IF(O20="","",","&CHAR(34)&"shuffle"&CHAR(34)&":"&CHAR(34)&"false"&CHAR(34))&CHAR(125)&",") | R20: =CHAR(S20) -> _x0018_ | S20: =S19+1 -> 24
A21: 3 | B21: Là báo hiệu cho người tham gia giao thông đường bộ về các thông tin của đường bộ. | C21: =IFERROR(COUNTIFS($A$1:A21,"Câu "&"*")-MID(A21,5,FIND(".",A21,1)-5),0) -> 0 | D21: =IF(LEFT(A21,3)="Câu",VALUE(MID(A21,5,FIND(".",A21,1)-5)),"") | E21: =SUBSTITUTE(IF(LEFT(A21,3)="Câu",MID(A21,FIND(".",A21,1)+2,LEN(A21)),""),CHAR(34),CHAR(92)&CHAR(34)) | G21: =SUBSTITUTE(B22,CHAR(34),CHAR(92)&CHAR(34)) -> Cả ba ý trên. | H21: =SUBSTITUTE(B23,CHAR(34),CHAR(92)&CHAR(34)) | I21: =SUBSTITUTE(IF(LEFT(A24,3)="Câu","",B24),CHAR(34),CHAR(92)&CHAR(34)) -> Là người điều khiển xe cơ giới, người điều khiển xe thô sơ, người điều khiển xe máy chuyên dùng. | J21: =SUBSTITUTE(IF(OR(LEFT(A25,3)="Câu",I21=""),"",IF(B25=0,"",B25)),CHAR(34),CHAR(92)&CHAR(34)) -> Là người được giao nhiệm vụ hướng dẫn giao thông trên đường bộ. | K21: =SUBSTITUTE(SUBSTITUTE(SUBSTITUTE(SUBSTITUTE(IFERROR(VLOOKUP("Câu "&D21&".",dapan!$E:$J,6,0),""),"1","A"),"2","B"),"3","C"),"4","D") | P21: =D21 | Q21: =IF(D21="","",CHAR(123)&CHAR(34)&"num"&CHAR(34)&":"&P21&","&CHAR(34)&"id"&CHAR(34)&":"&D21&"," &CHAR(34)&"q"&CHAR(34)&":"&CHAR(34)&E21&CHAR(34)&"," &IF(F21="","",CHAR(34)&"img"&CHAR(34)&":"&CHAR(34)&F21&CHAR(34)&",") &CHAR(34)&"opts"&CHAR(34)&":"&CHAR(123)&CHAR(34)&"A"&CHAR(34)&":"&CHAR(34)&G21&CHAR(34)&","&CHAR(34)&"B"&CHAR(34)&":"&CHAR(34)&H21&CHAR(34) &IF(I21="","",","&CHAR(34)&"C"&CHAR(34)&":"&CHAR(34)&I21&CHAR(34))&IF(J21="","",","&CHAR(34)&"D"&CHAR(34)&":"&CHAR(34)&J21&CHAR(34))&CHAR(125)&"," &CHAR(34)&"answer"&CHAR(34)&":"&CHAR(34)&K21&CHAR(34) &IF(L21="","",","&CHAR(34)&"danger"&CHAR(34)&":"&CHAR(34)&"true"&CHAR(34)) &IF(M21="","",","&CHAR(34)&"explain"&CHAR(34)&":"&CHAR(34)&M21&CHAR(34)) &IF(N21="","",","&CHAR(34)&"explainImg"&CHAR(34)&":"&CHAR(34)&N21&CHAR(34)) &IF(O21="","",","&CHAR(34)&"shuffle"&CHAR(34)&":"&CHAR(34)&"false"&CHAR(34))&CHAR(125)&",") | R21: =CHAR(S21) -> _x0019_ | S21: =S20+1 -> 25
A22: 4 | B22: Cả ba ý trên. | C22: =IFERROR(COUNTIFS($A$1:A22,"Câu "&"*")-MID(A22,5,FIND(".",A22,1)-5),0) -> 0 | D22: =IF(LEFT(A22,3)="Câu",VALUE(MID(A22,5,FIND(".",A22,1)-5)),"") | E22: =SUBSTITUTE(IF(LEFT(A22,3)="Câu",MID(A22,FIND(".",A22,1)+2,LEN(A22)),""),CHAR(34),CHAR(92)&CHAR(34)) | G22: =SUBSTITUTE(B23,CHAR(34),CHAR(92)&CHAR(34)) | H22: =SUBSTITUTE(B24,CHAR(34),CHAR(92)&CHAR(34)) -> Là người điều khiển xe cơ giới, người điều khiển xe thô sơ, người điều khiển xe máy chuyên dùng. | I22: =SUBSTITUTE(IF(LEFT(A25,3)="Câu","",B25),CHAR(34),CHAR(92)&CHAR(34)) -> Là người được giao nhiệm vụ hướng dẫn giao thông trên đường bộ. | J22: =SUBSTITUTE(IF(OR(LEFT(A26,3)="Câu",I22=""),"",IF(B26=0,"",B26)),CHAR(34),CHAR(92)&CHAR(34)) -> Cả hai ý trên. | K22: =SUBSTITUTE(SUBSTITUTE(SUBSTITUTE(SUBSTITUTE(IFERROR(VLOOKUP("Câu "&D22&".",dapan!$E:$J,6,0),""),"1","A"),"2","B"),"3","C"),"4","D") | P22: =D22 | Q22: =IF(D22="","",CHAR(123)&CHAR(34)&"num"&CHAR(34)&":"&P22&","&CHAR(34)&"id"&CHAR(34)&":"&D22&"," &CHAR(34)&"q"&CHAR(34)&":"&CHAR(34)&E22&CHAR(34)&"," &IF(F22="","",CHAR(34)&"img"&CHAR(34)&":"&CHAR(34)&F22&CHAR(34)&",") &CHAR(34)&"opts"&CHAR(34)&":"&CHAR(123)&CHAR(34)&"A"&CHAR(34)&":"&CHAR(34)&G22&CHAR(34)&","&CHAR(34)&"B"&CHAR(34)&":"&CHAR(34)&H22&CHAR(34) &IF(I22="","",","&CHAR(34)&"C"&CHAR(34)&":"&CHAR(34)&I22&CHAR(34))&IF(J22="","",","&CHAR(34)&"D"&CHAR(34)&":"&CHAR(34)&J22&CHAR(34))&CHAR(125)&"," &CHAR(34)&"answer"&CHAR(34)&":"&CHAR(34)&K22&CHAR(34) &IF(L22="","",","&CHAR(34)&"danger"&CHAR(34)&":"&CHAR(34)&"true"&CHAR(34)) &IF(M22="","",","&CHAR(34)&"explain"&CHAR(34)&":"&CHAR(34)&M22&CHAR(34)) &IF(N22="","",","&CHAR(34)&"explainImg"&CHAR(34)&":"&CHAR(34)&N22&CHAR(34)) &IF(O22="","",","&CHAR(34)&"shuffle"&CHAR(34)&":"&CHAR(34)&"false"&CHAR(34))&CHAR(125)&",") | R22: =CHAR(S22) -> _x001A_ | S22: =S21+1 -> 26
A23: Câu 6. Người điều khiển phương tiện tham gia giao thông đường bộ được hiểu như thế nào là đúng? | C23: =IFERROR(COUNTIFS($A$1:A23,"Câu "&"*")-MID(A23,5,FIND(".",A23,1)-5),0) -> 0 | D23: =IF(LEFT(A23,3)="Câu",VALUE(MID(A23,5,FIND(".",A23,1)-5)),"") -> 6 | E23: =SUBSTITUTE(IF(LEFT(A23,3)="Câu",MID(A23,FIND(".",A23,1)+2,LEN(A23)),""),CHAR(34),CHAR(92)&CHAR(34)) -> Người điều khiển phương tiện tham gia giao thông đường bộ được hiểu như thế nào là đúng? | G23: =SUBSTITUTE(B24,CHAR(34),CHAR(92)&CHAR(34)) -> Là người điều khiển xe cơ giới, người điều khiển xe thô sơ, người điều khiển xe máy chuyên dùng. | H23: =SUBSTITUTE(B25,CHAR(34),CHAR(92)&CHAR(34)) -> Là người được giao nhiệm vụ hướng dẫn giao thông trên đường bộ. | I23: =SUBSTITUTE(IF(LEFT(A26,3)="Câu","",B26),CHAR(34),CHAR(92)&CHAR(34)) -> Cả hai ý trên. | J23: =SUBSTITUTE(IF(OR(LEFT(A27,3)="Câu",I23=""),"",IF(B27=0,"",B27)),CHAR(34),CHAR(92)&CHAR(34)) | K23: =SUBSTITUTE(SUBSTITUTE(SUBSTITUTE(SUBSTITUTE(IFERROR(VLOOKUP("Câu "&D23&".",dapan!$E:$J,6,0),""),"1","A"),"2","B"),"3","C"),"4","D") -> A | P23: =D23 -> 6 | Q23: =IF(D23="","",CHAR(123)&CHAR(34)&"num"&CHAR(34)&":"&P23&","&CHAR(34)&"id"&CHAR(34)&":"&D23&"," &CHAR(34)&"q"&CHAR(34)&":"&CHAR(34)&E23&CHAR(34)&"," &IF(F23="","",CHAR(34)&"img"&CHAR(34)&":"&CHAR(34)&F23&CHAR(34)&",") &CHAR(34)&"opts"&CHAR(34)&":"&CHAR(123)&CHAR(34)&"A"&CHAR(34)&":"&CHAR(34)&G23&CHAR(34)&","&CHAR(34)&"B"&CHAR(34)&":"&CHAR(34)&H23&CHAR(34) &IF(I23="","",","&CHAR(34)&"C"&CHAR(34)&":"&CHAR(34)&I23&CHAR(34))&IF(J23="","",","&CHAR(34)&"D"&CHAR(34)&":"&CHAR(34)&J23&CHAR(34))&CHAR(125)&"," &CHAR(34)&"answer"&CHAR(34)&":"&CHAR(34)&K23&CHAR(34) &IF(L23="","",","&CHAR(34)&"danger"&CHAR(34)&":"&CHAR(34)&"true"&CHAR(34)) &IF(M23="","",","&CHAR(34)&"explain"&CHAR(34)&":"&CHAR(34)&M23&CHAR(34)) &IF(N23="","",","&CHAR(34)&"explainImg"&CHAR(34)&":"&CHAR(34)&N23&CHAR(34)) &IF(O23="","",","&CHAR(34)&"shuffle"&CHAR(34)&":"&CHAR(34)&"false"&CHAR(34))&CHAR(125)&",") -> {"num":6,"id":6,"q":"Người điều khiển phương tiện tham gia giao thông đường bộ được hiểu như thế nào là đúng?","opts":{"A":"Là người điều khiển xe cơ giới, người điều khiển xe thô sơ, người điều khiển xe máy chuyên dùng.","B":"Là người được giao nhiệm vụ hướng dẫn giao thông trên đường bộ.","C":"Cả hai ý trên."},"answer":"A"}, | R23: =CHAR(S23) -> _x001B_ | S23: =S22+1 -> 27
A24: 1 | B24: Là người điều khiển xe cơ giới, người điều khiển xe thô sơ, người điều khiển xe máy chuyên dùng. | C24: =IFERROR(COUNTIFS($A$1:A24,"Câu "&"*")-MID(A24,5,FIND(".",A24,1)-5),0) -> 0 | D24: =IF(LEFT(A24,3)="Câu",VALUE(MID(A24,5,FIND(".",A24,1)-5)),"") | E24: =SUBSTITUTE(IF(LEFT(A24,3)="Câu",MID(A24,FIND(".",A24,1)+2,LEN(A24)),""),CHAR(34),CHAR(92)&CHAR(34)) | G24: =SUBSTITUTE(B25,CHAR(34),CHAR(92)&CHAR(34)) -> Là người được giao nhiệm vụ hướng dẫn giao thông trên đường bộ. | H24: =SUBSTITUTE(B26,CHAR(34),CHAR(92)&CHAR(34)) -> Cả hai ý trên. | I24: =SUBSTITUTE(IF(LEFT(A27,3)="Câu","",B27),CHAR(34),CHAR(92)&CHAR(34)) | J24: =SUBSTITUTE(IF(OR(LEFT(A28,3)="Câu",I24=""),"",IF(B28=0,"",B28)),CHAR(34),CHAR(92)&CHAR(34)) | K24: =SUBSTITUTE(SUBSTITUTE(SUBSTITUTE(SUBSTITUTE(IFERROR(VLOOKUP("Câu "&D24&".",dapan!$E:$J,6,0),""),"1","A"),"2","B"),"3","C"),"4","D") | P24: =D24 | Q24: =IF(D24="","",CHAR(123)&CHAR(34)&"num"&CHAR(34)&":"&P24&","&CHAR(34)&"id"&CHAR(34)&":"&D24&"," &CHAR(34)&"q"&CHAR(34)&":"&CHAR(34)&E24&CHAR(34)&"," &IF(F24="","",CHAR(34)&"img"&CHAR(34)&":"&CHAR(34)&F24&CHAR(34)&",") &CHAR(34)&"opts"&CHAR(34)&":"&CHAR(123)&CHAR(34)&"A"&CHAR(34)&":"&CHAR(34)&G24&CHAR(34)&","&CHAR(34)&"B"&CHAR(34)&":"&CHAR(34)&H24&CHAR(34) &IF(I24="","",","&CHAR(34)&"C"&CHAR(34)&":"&CHAR(34)&I24&CHAR(34))&IF(J24="","",","&CHAR(34)&"D"&CHAR(34)&":"&CHAR(34)&J24&CHAR(34))&CHAR(125)&"," &CHAR(34)&"answer"&CHAR(34)&":"&CHAR(34)&K24&CHAR(34) &IF(L24="","",","&CHAR(34)&"danger"&CHAR(34)&":"&CHAR(34)&"true"&CHAR(34)) &IF(M24="","",","&CHAR(34)&"explain"&CHAR(34)&":"&CHAR(34)&M24&CHAR(34)) &IF(N24="","",","&CHAR(34)&"explainImg"&CHAR(34)&":"&CHAR(34)&N24&CHAR(34)) &IF(O24="","",","&CHAR(34)&"shuffle"&CHAR(34)&":"&CHAR(34)&"false"&CHAR(34))&CHAR(125)&",") | R24: =CHAR(S24) -> _x001C_ | S24: =S23+1 -> 28
A25: 2 | B25: Là người được giao nhiệm vụ hướng dẫn giao thông trên đường bộ. | C25: =IFERROR(COUNTIFS($A$1:A25,"Câu "&"*")-MID(A25,5,FIND(".",A25,1)-5),0) -> 0 | D25: =IF(LEFT(A25,3)="Câu",VALUE(MID(A25,5,FIND(".",A25,1)-5)),"") | E25: =SUBSTITUTE(IF(LEFT(A25,3)="Câu",MID(A25,FIND(".",A25,1)+2,LEN(A25)),""),CHAR(34),CHAR(92)&CHAR(34)) | G25: =SUBSTITUTE(B26,CHAR(34),CHAR(92)&CHAR(34)) -> Cả hai ý trên. | H25: =SUBSTITUTE(B27,CHAR(34),CHAR(92)&CHAR(34)) | I25: =SUBSTITUTE(IF(LEFT(A28,3)="Câu","",B28),CHAR(34),CHAR(92)&CHAR(34)) -> Là người điều khiển xe cơ giới. | J25: =SUBSTITUTE(IF(OR(LEFT(A29,3)="Câu",I25=""),"",IF(B29=0,"",B29)),CHAR(34),CHAR(92)&CHAR(34)) -> Là người điều khiển xe thô sơ. | K25: =SUBSTITUTE(SUBSTITUTE(SUBSTITUTE(SUBSTITUTE(IFERROR(VLOOKUP("Câu "&D25&".",dapan!$E:$J,6,0),""),"1","A"),"2","B"),"3","C"),"4","D") | P25: =D25 | Q25: =IF(D25="","",CHAR(123)&CHAR(34)&"num"&CHAR(34)&":"&P25&","&CHAR(34)&"id"&CHAR(34)&":"&D25&"," &CHAR(34)&"q"&CHAR(34)&":"&CHAR(34)&E25&CHAR(34)&"," &IF(F25="","",CHAR(34)&"img"&CHAR(34)&":"&CHAR(34)&F25&CHAR(34)&",") &CHAR(34)&"opts"&CHAR(34)&":"&CHAR(123)&CHAR(34)&"A"&CHAR(34)&":"&CHAR(34)&G25&CHAR(34)&","&CHAR(34)&"B"&CHAR(34)&":"&CHAR(34)&H25&CHAR(34) &IF(I25="","",","&CHAR(34)&"C"&CHAR(34)&":"&CHAR(34)&I25&CHAR(34))&IF(J25="","",","&CHAR(34)&"D"&CHAR(34)&":"&CHAR(34)&J25&CHAR(34))&CHAR(125)&"," &CHAR(34)&"answer"&CHAR(34)&":"&CHAR(34)&K25&CHAR(34) &IF(L25="","",","&CHAR(34)&"danger"&CHAR(34)&":"&CHAR(34)&"true"&CHAR(34)) &IF(M25="","",","&CHAR(34)&"explain"&CHAR(34)&":"&CHAR(34)&M25&CHAR(34)) &IF(N25="","",","&CHAR(34)&"explainImg"&CHAR(34)&":"&CHAR(34)&N25&CHAR(34)) &IF(O25="","",","&CHAR(34)&"shuffle"&CHAR(34)&":"&CHAR(34)&"false"&CHAR(34))&CHAR(125)&",") | R25: =CHAR(S25) -> _x001D_ | S25: =S24+1 -> 29
A26: 3 | B26: Cả hai ý trên. | C26: =IFERROR(COUNTIFS($A$1:A26,"Câu "&"*")-MID(A26,5,FIND(".",A26,1)-5),0) -> 0 | D26: =IF(LEFT(A26,3)="Câu",VALUE(MID(A26,5,FIND(".",A26,1)-5)),"") | E26: =SUBSTITUTE(IF(LEFT(A26,3)="Câu",MID(A26,FIND(".",A26,1)+2,LEN(A26)),""),CHAR(34),CHAR(92)&CHAR(34)) | G26: =SUBSTITUTE(B27,CHAR(34),CHAR(92)&CHAR(34)) | H26: =SUBSTITUTE(B28,CHAR(34),CHAR(92)&CHAR(34)) -> Là người điều khiển xe cơ giới. | I26: =SUBSTITUTE(IF(LEFT(A29,3)="Câu","",B29),CHAR(34),CHAR(92)&CHAR(34)) -> Là người điều khiển xe thô sơ. | J26: =SUBSTITUTE(IF(OR(LEFT(A30,3)="Câu",I26=""),"",IF(B30=0,"",B30)),CHAR(34),CHAR(92)&CHAR(34)) -> Là người điều khiển xe máy chuyên dùng. | K26: =SUBSTITUTE(SUBSTITUTE(SUBSTITUTE(SUBSTITUTE(IFERROR(VLOOKUP("Câu "&D26&".",dapan!$E:$J,6,0),""),"1","A"),"2","B"),"3","C"),"4","D") | P26: =D26 | Q26: =IF(D26="","",CHAR(123)&CHAR(34)&"num"&CHAR(34)&":"&P26&","&CHAR(34)&"id"&CHAR(34)&":"&D26&"," &CHAR(34)&"q"&CHAR(34)&":"&CHAR(34)&E26&CHAR(34)&"," &IF(F26="","",CHAR(34)&"img"&CHAR(34)&":"&CHAR(34)&F26&CHAR(34)&",") &CHAR(34)&"opts"&CHAR(34)&":"&CHAR(123)&CHAR(34)&"A"&CHAR(34)&":"&CHAR(34)&G26&CHAR(34)&","&CHAR(34)&"B"&CHAR(34)&":"&CHAR(34)&H26&CHAR(34) &IF(I26="","",","&CHAR(34)&"C"&CHAR(34)&":"&CHAR(34)&I26&CHAR(34))&IF(J26="","",","&CHAR(34)&"D"&CHAR(34)&":"&CHAR(34)&J26&CHAR(34))&CHAR(125)&"," &CHAR(34)&"answer"&CHAR(34)&":"&CHAR(34)&K26&CHAR(34) &IF(L26="","",","&CHAR(34)&"danger"&CHAR(34)&":"&CHAR(34)&"true"&CHAR(34)) &IF(M26="","",","&CHAR(34)&"explain"&CHAR(34)&":"&CHAR(34)&M26&CHAR(34)) &IF(N26="","",","&CHAR(34)&"explainImg"&CHAR(34)&":"&CHAR(34)&N26&CHAR(34)) &IF(O26="","",","&CHAR(34)&"shuffle"&CHAR(34)&":"&CHAR(34)&"false"&CHAR(34))&CHAR(125)&",") | R26: =CHAR(S26) -> _x001E_ | S26: =S25+1 -> 30
A27: Câu 7. Người lái xe được hiểu như thế nào là đúng? | C27: =IFERROR(COUNTIFS($A$1:A27,"Câu "&"*")-MID(A27,5,FIND(".",A27,1)-5),0) -> 0 | D27: =IF(LEFT(A27,3)="Câu",VALUE(MID(A27,5,FIND(".",A27,1)-5)),"") -> 7 | E27: =SUBSTITUTE(IF(LEFT(A27,3)="Câu",MID(A27,FIND(".",A27,1)+2,LEN(A27)),""),CHAR(34),CHAR(92)&CHAR(34)) -> Người lái xe được hiểu như thế nào là đúng? | G27: =SUBSTITUTE(B28,CHAR(34),CHAR(92)&CHAR(34)) -> Là người điều khiển xe cơ giới. | H27: =SUBSTITUTE(B29,CHAR(34),CHAR(92)&CHAR(34)) -> Là người điều khiển xe thô sơ. | I27: =SUBSTITUTE(IF(LEFT(A30,3)="Câu","",B30),CHAR(34),CHAR(92)&CHAR(34)) -> Là người điều khiển xe máy chuyên dùng. | J27: =SUBSTITUTE(IF(OR(LEFT(A31,3)="Câu",I27=""),"",IF(B31=0,"",B31)),CHAR(34),CHAR(92)&CHAR(34)) | K27: =SUBSTITUTE(SUBSTITUTE(SUBSTITUTE(SUBSTITUTE(IFERROR(VLOOKUP("Câu "&D27&".",dapan!$E:$J,6,0),""),"1","A"),"2","B"),"3","C"),"4","D") -> A | P27: =D27 -> 7 | Q27: =IF(D27="","",CHAR(123)&CHAR(34)&"num"&CHAR(34)&":"&P27&","&CHAR(34)&"id"&CHAR(34)&":"&D27&"," &CHAR(34)&"q"&CHAR(34)&":"&CHAR(34)&E27&CHAR(34)&"," &IF(F27="","",CHAR(34)&"img"&CHAR(34)&":"&CHAR(34)&F27&CHAR(34)&",") &CHAR(34)&"opts"&CHAR(34)&":"&CHAR(123)&CHAR(34)&"A"&CHAR(34)&":"&CHAR(34)&G27&CHAR(34)&","&CHAR(34)&"B"&CHAR(34)&":"&CHAR(34)&H27&CHAR(34) &IF(I27="","",","&CHAR(34)&"C"&CHAR(34)&":"&CHAR(34)&I27&CHAR(34))&IF(J27="","",","&CHAR(34)&"D"&CHAR(34)&":"&CHAR(34)&J27&CHAR(34))&CHAR(125)&"," &CHAR(34)&"answer"&CHAR(34)&":"&CHAR(34)&K27&CHAR(34) &IF(L27="","",","&CHAR(34)&"danger"&CHAR(34)&":"&CHAR(34)&"true"&CHAR(34)) &IF(M27="","",","&CHAR(34)&"explain"&CHAR(34)&":"&CHAR(34)&M27&CHAR(34)) &IF(N27="","",","&CHAR(34)&"explainImg"&CHAR(34)&":"&CHAR(34)&N27&CHAR(34)) &IF(O27="","",","&CHAR(34)&"shuffle"&CHAR(34)&":"&CHAR(34)&"false"&CHAR(34))&CHAR(125)&",") -> {"num":7,"id":7,"q":"Người lái xe được hiểu như thế nào là đúng?","opts":{"A":" Là người điều khiển xe cơ giới.","B":"Là người điều khiển xe thô sơ.","C":"Là người điều khiển xe máy chuyên dùng."},"answer":"A"}, | R27: =CHAR(S27) -> _x001F_ | S27: =S26+1 -> 31
A28: 1 | B28: Là người điều khiển xe cơ giới. | C28: =IFERROR(COUNTIFS($A$1:A28,"Câu "&"*")-MID(A28,5,FIND(".",A28,1)-5),0) -> 0 | D28: =IF(LEFT(A28,3)="Câu",VALUE(MID(A28,5,FIND(".",A28,1)-5)),"") | E28: =SUBSTITUTE(IF(LEFT(A28,3)="Câu",MID(A28,FIND(".",A28,1)+2,LEN(A28)),""),CHAR(34),CHAR(92)&CHAR(34)) | G28: =SUBSTITUTE(B29,CHAR(34),CHAR(92)&CHAR(34)) -> Là người điều khiển xe thô sơ. | H28: =SUBSTITUTE(B30,CHAR(34),CHAR(92)&CHAR(34)) -> Là người điều khiển xe máy chuyên dùng. | I28: =SUBSTITUTE(IF(LEFT(A31,3)="Câu","",B31),CHAR(34),CHAR(92)&CHAR(34)) | J28: =SUBSTITUTE(IF(OR(LEFT(A32,3)="Câu",I28=""),"",IF(B32=0,"",B32)),CHAR(34),CHAR(92)&CHAR(34)) | K28: =SUBSTITUTE(SUBSTITUTE(SUBSTITUTE(SUBSTITUTE(IFERROR(VLOOKUP("Câu "&D28&".",dapan!$E:$J,6,0),""),"1","A"),"2","B"),"3","C"),"4","D") | P28: =D28 | Q28: =IF(D28="","",CHAR(123)&CHAR(34)&"num"&CHAR(34)&":"&P28&","&CHAR(34)&"id"&CHAR(34)&":"&D28&"," &CHAR(34)&"q"&CHAR(34)&":"&CHAR(34)&E28&CHAR(34)&"," &IF(F28="","",CHAR(34)&"img"&CHAR(34)&":"&CHAR(34)&F28&CHAR(34)&",") &CHAR(34)&"opts"&CHAR(34)&":"&CHAR(123)&CHAR(34)&"A"&CHAR(34)&":"&CHAR(34)&G28&CHAR(34)&","&CHAR(34)&"B"&CHAR(34)&":"&CHAR(34)&H28&CHAR(34) &IF(I28="","",","&CHAR(34)&"C"&CHAR(34)&":"&CHAR(34)&I28&CHAR(34))&IF(J28="","",","&CHAR(34)&"D"&CHAR(34)&":"&CHAR(34)&J28&CHAR(34))&CHAR(125)&"," &CHAR(34)&"answer"&CHAR(34)&":"&CHAR(34)&K28&CHAR(34) &IF(L28="","",","&CHAR(34)&"danger"&CHAR(34)&":"&CHAR(34)&"true"&CHAR(34)) &IF(M28="","",","&CHAR(34)&"explain"&CHAR(34)&":"&CHAR(34)&M28&CHAR(34)) &IF(N28="","",","&CHAR(34)&"explainImg"&CHAR(34)&":"&CHAR(34)&N28&CHAR(34)) &IF(O28="","",","&CHAR(34)&"shuffle"&CHAR(34)&":"&CHAR(34)&"false"&CHAR(34))&CHAR(125)&",") | R28: =CHAR(S28) | S28: =S27+1 -> 32
A29: 2 | B29: Là người điều khiển xe thô sơ. | C29: =IFERROR(COUNTIFS($A$1:A29,"Câu "&"*")-MID(A29,5,FIND(".",A29,1)-5),0) -> 0 | D29: =IF(LEFT(A29,3)="Câu",VALUE(MID(A29,5,FIND(".",A29,1)-5)),"") | E29: =SUBSTITUTE(IF(LEFT(A29,3)="Câu",MID(A29,FIND(".",A29,1)+2,LEN(A29)),""),CHAR(34),CHAR(92)&CHAR(34)) | G29: =SUBSTITUTE(B30,CHAR(34),CHAR(92)&CHAR(34)) -> Là người điều khiển xe máy chuyên dùng. | H29: =SUBSTITUTE(B31,CHAR(34),CHAR(92)&CHAR(34)) | I29: =SUBSTITUTE(IF(LEFT(A32,3)="Câu","",B32),CHAR(34),CHAR(92)&CHAR(34)) -> Xe ô tô; máy kéo; xe mô tô hai bánh; xe mô tô ba bánh; xe gắn máy; xe cơ giới dùng cho người khuyết tật và xe máy chuyên dùng; xe đạp, xe đạp máy, xe đạp điện. | J29: =SUBSTITUTE(IF(OR(LEFT(A33,3)="Câu",I29=""),"",IF(B33=0,"",B33)),CHAR(34),CHAR(92)&CHAR(34)) -> Xe ô tô; rơ moóc được kéo bởi xe ô tô; sơ mi rơ moóc được kéo bởi ô tô đầu kéo; xe chở người bốn bánh có gắn động cơ; xe chở hàng bốn bánh có gắn động cơ; xe mô tô, xe gắn máy và các loại xe tương tự. | K29: =SUBSTITUTE(SUBSTITUTE(SUBSTITUTE(SUBSTITUTE(IFERROR(VLOOKUP("Câu "&D29&".",dapan!$E:$J,6,0),""),"1","A"),"2","B"),"3","C"),"4","D") | P29: =D29 | Q29: =IF(D29="","",CHAR(123)&CHAR(34)&"num"&CHAR(34)&":"&P29&","&CHAR(34)&"id"&CHAR(34)&":"&D29&"," &CHAR(34)&"q"&CHAR(34)&":"&CHAR(34)&E29&CHAR(34)&"," &IF(F29="","",CHAR(34)&"img"&CHAR(34)&":"&CHAR(34)&F29&CHAR(34)&",") &CHAR(34)&"opts"&CHAR(34)&":"&CHAR(123)&CHAR(34)&"A"&CHAR(34)&":"&CHAR(34)&G29&CHAR(34)&","&CHAR(34)&"B"&CHAR(34)&":"&CHAR(34)&H29&CHAR(34) &IF(I29="","",","&CHAR(34)&"C"&CHAR(34)&":"&CHAR(34)&I29&CHAR(34))&IF(J29="","",","&CHAR(34)&"D"&CHAR(34)&":"&CHAR(34)&J29&CHAR(34))&CHAR(125)&"," &CHAR(34)&"answer"&CHAR(34)&":"&CHAR(34)&K29&CHAR(34) &IF(L29="","",","&CHAR(34)&"danger"&CHAR(34)&":"&CHAR(34)&"true"&CHAR(34)) &IF(M29="","",","&CHAR(34)&"explain"&CHAR(34)&":"&CHAR(34)&M29&CHAR(34)) &IF(N29="","",","&CHAR(34)&"explainImg"&CHAR(34)&":"&CHAR(34)&N29&CHAR(34)) &IF(O29="","",","&CHAR(34)&"shuffle"&CHAR(34)&":"&CHAR(34)&"false"&CHAR(34))&CHAR(125)&",") | R29: =CHAR(S29) -> ! | S29: =S28+1 -> 33
A30: 3 | B30: Là người điều khiển xe máy chuyên dùng. | C30: =IFERROR(COUNTIFS($A$1:A30,"Câu "&"*")-MID(A30,5,FIND(".",A30,1)-5),0) -> 0 | D30: =IF(LEFT(A30,3)="Câu",VALUE(MID(A30,5,FIND(".",A30,1)-5)),"") | E30: =SUBSTITUTE(IF(LEFT(A30,3)="Câu",MID(A30,FIND(".",A30,1)+2,LEN(A30)),""),CHAR(34),CHAR(92)&CHAR(34)) | G30: =SUBSTITUTE(B31,CHAR(34),CHAR(92)&CHAR(34)) | H30: =SUBSTITUTE(B32,CHAR(34),CHAR(92)&CHAR(34)) -> Xe ô tô; máy kéo; xe mô tô hai bánh; xe mô tô ba bánh; xe gắn máy; xe cơ giới dùng cho người khuyết tật và xe máy chuyên dùng; xe đạp, xe đạp máy, xe đạp điện. | I30: =SUBSTITUTE(IF(LEFT(A33,3)="Câu","",B33),CHAR(34),CHAR(92)&CHAR(34)) -> Xe ô tô; rơ moóc được kéo bởi xe ô tô; sơ mi rơ moóc được kéo bởi ô tô đầu kéo; xe chở người bốn bánh có gắn động cơ; xe chở hàng bốn bánh có gắn động cơ; xe mô tô, xe gắn máy và các loại xe tương tự. | J30: =SUBSTITUTE(IF(OR(LEFT(A34,3)="Câu",I30=""),"",IF(B34=0,"",B34)),CHAR(34),CHAR(92)&CHAR(34)) | K30: =SUBSTITUTE(SUBSTITUTE(SUBSTITUTE(SUBSTITUTE(IFERROR(VLOOKUP("Câu "&D30&".",dapan!$E:$J,6,0),""),"1","A"),"2","B"),"3","C"),"4","D") | P30: =D30 | Q30: =IF(D30="","",CHAR(123)&CHAR(34)&"num"&CHAR(34)&":"&P30&","&CHAR(34)&"id"&CHAR(34)&":"&D30&"," &CHAR(34)&"q"&CHAR(34)&":"&CHAR(34)&E30&CHAR(34)&"," &IF(F30="","",CHAR(34)&"img"&CHAR(34)&":"&CHAR(34)&F30&CHAR(34)&",") &CHAR(34)&"opts"&CHAR(34)&":"&CHAR(123)&CHAR(34)&"A"&CHAR(34)&":"&CHAR(34)&G30&CHAR(34)&","&CHAR(34)&"B"&CHAR(34)&":"&CHAR(34)&H30&CHAR(34) &IF(I30="","",","&CHAR(34)&"C"&CHAR(34)&":"&CHAR(34)&I30&CHAR(34))&IF(J30="","",","&CHAR(34)&"D"&CHAR(34)&":"&CHAR(34)&J30&CHAR(34))&CHAR(125)&"," &CHAR(34)&"answer"&CHAR(34)&":"&CHAR(34)&K30&CHAR(34) &IF(L30="","",","&CHAR(34)&"danger"&CHAR(34)&":"&CHAR(34)&"true"&CHAR(34)) &IF(M30="","",","&CHAR(34)&"explain"&CHAR(34)&":"&CHAR(34)&M30&CHAR(34)) &IF(N30="","",","&CHAR(34)&"explainImg"&CHAR(34)&":"&CHAR(34)&N30&CHAR(34)) &IF(O30="","",","&CHAR(34)&"shuffle"&CHAR(34)&":"&CHAR(34)&"false"&CHAR(34))&CHAR(125)&",") | R30: =CHAR(S30) -> " | S30: =S29+1 -> 34
A31: Câu 8. Trong nhóm các phương tiện giao thông đường bộ dưới đây, nhóm phương tiện nào là xe cơ giới? | C31: =IFERROR(COUNTIFS($A$1:A31,"Câu "&"*")-MID(A31,5,FIND(".",A31,1)-5),0) -> 0 | D31: =IF(LEFT(A31,3)="Câu",VALUE(MID(A31,5,FIND(".",A31,1)-5)),"") -> 8 | E31: =SUBSTITUTE(IF(LEFT(A31,3)="Câu",MID(A31,FIND(".",A31,1)+2,LEN(A31)),""),CHAR(34),CHAR(92)&CHAR(34)) -> Trong nhóm các phương tiện giao thông đường bộ dưới đây, nhóm phương tiện nào là xe cơ giới? | G31: =SUBSTITUTE(B32,CHAR(34),CHAR(92)&CHAR(34)) -> Xe ô tô; máy kéo; xe mô tô hai bánh; xe mô tô ba bánh; xe gắn máy; xe cơ giới dùng cho người khuyết tật và xe máy chuyên dùng; xe đạp, xe đạp máy, xe đạp điện. | H31: =SUBSTITUTE(B33,CHAR(34),CHAR(92)&CHAR(34)) -> Xe ô tô; rơ moóc được kéo bởi xe ô tô; sơ mi rơ moóc được kéo bởi ô tô đầu kéo; xe chở người bốn bánh có gắn động cơ; xe chở hàng bốn bánh có gắn động cơ; xe mô tô, xe gắn máy và các loại xe tương tự. | I31: =SUBSTITUTE(IF(LEFT(A34,3)="Câu","",B34),CHAR(34),CHAR(92)&CHAR(34)) | J31: =SUBSTITUTE(IF(OR(LEFT(A35,3)="Câu",I31=""),"",IF(B35=0,"",B35)),CHAR(34),CHAR(92)&CHAR(34)) | K31: =SUBSTITUTE(SUBSTITUTE(SUBSTITUTE(SUBSTITUTE(IFERROR(VLOOKUP("Câu "&D31&".",dapan!$E:$J,6,0),""),"1","A"),"2","B"),"3","C"),"4","D") -> B | P31: =D31 -> 8 | Q31: =IF(D31="","",CHAR(123)&CHAR(34)&"num"&CHAR(34)&":"&P31&","&CHAR(34)&"id"&CHAR(34)&":"&D31&"," &CHAR(34)&"q"&CHAR(34)&":"&CHAR(34)&E31&CHAR(34)&"," &IF(F31="","",CHAR(34)&"img"&CHAR(34)&":"&CHAR(34)&F31&CHAR(34)&",") &CHAR(34)&"opts"&CHAR(34)&":"&CHAR(123)&CHAR(34)&"A"&CHAR(34)&":"&CHAR(34)&G31&CHAR(34)&","&CHAR(34)&"B"&CHAR(34)&":"&CHAR(34)&H31&CHAR(34) &IF(I31="","",","&CHAR(34)&"C"&CHAR(34)&":"&CHAR(34)&I31&CHAR(34))&IF(J31="","",","&CHAR(34)&"D"&CHAR(34)&":"&CHAR(34)&J31&CHAR(34))&CHAR(125)&"," &CHAR(34)&"answer"&CHAR(34)&":"&CHAR(34)&K31&CHAR(34) &IF(L31="","",","&CHAR(34)&"danger"&CHAR(34)&":"&CHAR(34)&"true"&CHAR(34)) &IF(M31="","",","&CHAR(34)&"explain"&CHAR(34)&":"&CHAR(34)&M31&CHAR(34)) &IF(N31="","",","&CHAR(34)&"explainImg"&CHAR(34)&":"&CHAR(34)&N31&CHAR(34)) &IF(O31="","",","&CHAR(34)&"shuffle"&CHAR(34)&":"&CHAR(34)&"false"&CHAR(34))&CHAR(125)&",") -> {"num":8,"id":8,"q":"Trong nhóm các phương tiện giao thông đường bộ dưới đây, nhóm phương tiện nào là xe cơ giới?","opts":{"A":"Xe ô tô; máy kéo; xe mô tô hai bánh; xe mô tô ba bánh; xe gắn máy; xe cơ giới dùng cho người khuyết tật và xe máy chuyên dùng; xe đạp, xe đạp máy, xe đạp điện.","B":"Xe ô tô; rơ moóc được kéo bởi xe ô tô; sơ mi rơ moóc được kéo bởi ô tô đầu kéo; xe chở người bốn bánh có gắn động cơ; xe chở hàng bốn bánh có gắn động cơ; xe mô tô, xe gắn máy và các loại xe tương tự."},"answer":"B"}, | R31: =CHAR(S31) -> # | S31: =S30+1 -> 35
A32: 1 | B32: Xe ô tô; máy kéo; xe mô tô hai bánh; xe mô tô ba bánh; xe gắn máy; xe cơ giới dùng cho người khuyết tật và xe máy chuyên dùng; xe đạp, xe đạp máy, xe đạp điện. | C32: =IFERROR(COUNTIFS($A$1:A32,"Câu "&"*")-MID(A32,5,FIND(".",A32,1)-5),0) -> 0 | D32: =IF(LEFT(A32,3)="Câu",VALUE(MID(A32,5,FIND(".",A32,1)-5)),"") | E32: =SUBSTITUTE(IF(LEFT(A32,3)="Câu",MID(A32,FIND(".",A32,1)+2,LEN(A32)),""),CHAR(34),CHAR(92)&CHAR(34)) | G32: =SUBSTITUTE(B33,CHAR(34),CHAR(92)&CHAR(34)) -> Xe ô tô; rơ moóc được kéo bởi xe ô tô; sơ mi rơ moóc được kéo bởi ô tô đầu kéo; xe chở người bốn bánh có gắn động cơ; xe chở hàng bốn bánh có gắn động cơ; xe mô tô, xe gắn máy và các loại xe tương tự. | H32: =SUBSTITUTE(B34,CHAR(34),CHAR(92)&CHAR(34)) | I32: =SUBSTITUTE(IF(LEFT(A35,3)="Câu","",B35),CHAR(34),CHAR(92)&CHAR(34)) -> Xe đạp, xe đạp máy, xe đạp điện; xe xích lô; xe lăn dùng cho người khuyết tật; xe vật nuôi kéo và các loại xe tương tự. | J32: =SUBSTITUTE(IF(OR(LEFT(A36,3)="Câu",I32=""),"",IF(B36=0,"",B36)),CHAR(34),CHAR(92)&CHAR(34)) -> Xe đạp (kể cả xe đạp máy, xe đạp điện), xe gắn máy, xe cơ giới dùng cho người khuyết tật và xe máy chuyên dùng. | K32: =SUBSTITUTE(SUBSTITUTE(SUBSTITUTE(SUBSTITUTE(IFERROR(VLOOKUP("Câu "&D32&".",dapan!$E:$J,6,0),""),"1","A"),"2","B"),"3","C"),"4","D") | P32: =D32 | Q32: =IF(D32="","",CHAR(123)&CHAR(34)&"num"&CHAR(34)&":"&P32&","&CHAR(34)&"id"&CHAR(34)&":"&D32&"," &CHAR(34)&"q"&CHAR(34)&":"&CHAR(34)&E32&CHAR(34)&"," &IF(F32="","",CHAR(34)&"img"&CHAR(34)&":"&CHAR(34)&F32&CHAR(34)&",") &CHAR(34)&"opts"&CHAR(34)&":"&CHAR(123)&CHAR(34)&"A"&CHAR(34)&":"&CHAR(34)&G32&CHAR(34)&","&CHAR(34)&"B"&CHAR(34)&":"&CHAR(34)&H32&CHAR(34) &IF(I32="","",","&CHAR(34)&"C"&CHAR(34)&":"&CHAR(34)&I32&CHAR(34))&IF(J32="","",","&CHAR(34)&"D"&CHAR(34)&":"&CHAR(34)&J32&CHAR(34))&CHAR(125)&"," &CHAR(34)&"answer"&CHAR(34)&":"&CHAR(34)&K32&CHAR(34) &IF(L32="","",","&CHAR(34)&"danger"&CHAR(34)&":"&CHAR(34)&"true"&CHAR(34)) &IF(M32="","",","&CHAR(34)&"explain"&CHAR(34)&":"&CHAR(34)&M32&CHAR(34)) &IF(N32="","",","&CHAR(34)&"explainImg"&CHAR(34)&":"&CHAR(34)&N32&CHAR(34)) &IF(O32="","",","&CHAR(34)&"shuffle"&CHAR(34)&":"&CHAR(34)&"false"&CHAR(34))&CHAR(125)&",") | R32: =CHAR(S32) -> $ | S32: =S31+1 -> 36
A33: 2 | B33: Xe ô tô; rơ moóc được kéo bởi xe ô tô; sơ mi rơ moóc được kéo bởi ô tô đầu kéo; xe chở người bốn bánh có gắn động cơ; xe chở hàng bốn bánh có gắn động cơ; xe mô tô, xe gắn máy và các loại xe tương tự. | C33: =IFERROR(COUNTIFS($A$1:A33,"Câu "&"*")-MID(A33,5,FIND(".",A33,1)-5),0) -> 0 | D33: =IF(LEFT(A33,3)="Câu",VALUE(MID(A33,5,FIND(".",A33,1)-5)),"") | E33: =SUBSTITUTE(IF(LEFT(A33,3)="Câu",MID(A33,FIND(".",A33,1)+2,LEN(A33)),""),CHAR(34),CHAR(92)&CHAR(34)) | G33: =SUBSTITUTE(B34,CHAR(34),CHAR(92)&CHAR(34)) | H33: =SUBSTITUTE(B35,CHAR(34),CHAR(92)&CHAR(34)) -> Xe đạp, xe đạp máy, xe đạp điện; xe xích lô; xe lăn dùng cho người khuyết tật; xe vật nuôi kéo và các loại xe tương tự. | I33: =SUBSTITUTE(IF(LEFT(A36,3)="Câu","",B36),CHAR(34),CHAR(92)&CHAR(34)) -> Xe đạp (kể cả xe đạp máy, xe đạp điện), xe gắn máy, xe cơ giới dùng cho người khuyết tật và xe máy chuyên dùng. | J33: =SUBSTITUTE(IF(OR(LEFT(A37,3)="Câu",I33=""),"",IF(B37=0,"",B37)),CHAR(34),CHAR(92)&CHAR(34)) -> Xe ô tô, máy kéo, rơ moóc hoặc sơ mi rơ moóc được kéo bởi xe ô tô, máy kéo. | K33: =SUBSTITUTE(SUBSTITUTE(SUBSTITUTE(SUBSTITUTE(IFERROR(VLOOKUP("Câu "&D33&".",dapan!$E:$J,6,0),""),"1","A"),"2","B"),"3","C"),"4","D") | P33: =D33 | Q33: =IF(D33="","",CHAR(123)&CHAR(34)&"num"&CHAR(34)&":"&P33&","&CHAR(34)&"id"&CHAR(34)&":"&D33&"," &CHAR(34)&"q"&CHAR(34)&":"&CHAR(34)&E33&CHAR(34)&"," &IF(F33="","",CHAR(34)&"img"&CHAR(34)&":"&CHAR(34)&F33&CHAR(34)&",") &CHAR(34)&"opts"&CHAR(34)&":"&CHAR(123)&CHAR(34)&"A"&CHAR(34)&":"&CHAR(34)&G33&CHAR(34)&","&CHAR(34)&"B"&CHAR(34)&":"&CHAR(34)&H33&CHAR(34) &IF(I33="","",","&CHAR(34)&"C"&CHAR(34)&":"&CHAR(34)&I33&CHAR(34))&IF(J33="","",","&CHAR(34)&"D"&CHAR(34)&":"&CHAR(34)&J33&CHAR(34))&CHAR(125)&"," &CHAR(34)&"answer"&CHAR(34)&":"&CHAR(34)&K33&CHAR(34) &IF(L33="","",","&CHAR(34)&"danger"&CHAR(34)&":"&CHAR(34)&"true"&CHAR(34)) &IF(M33="","",","&CHAR(34)&"explain"&CHAR(34)&":"&CHAR(34)&M33&CHAR(34)) &IF(N33="","",","&CHAR(34)&"explainImg"&CHAR(34)&":"&CHAR(34)&N33&CHAR(34)) &IF(O33="","",","&CHAR(34)&"shuffle"&CHAR(34)&":"&CHAR(34)&"false"&CHAR(34))&CHAR(125)&",") | R33: =CHAR(S33) -> % | S33: =S32+1 -> 37
A34: Câu 9. Trong nhóm các phương tiện giao thông đường bộ dưới đây, nhóm phương tiện nào là xe thô sơ? | C34: =IFERROR(COUNTIFS($A$1:A34,"Câu "&"*")-MID(A34,5,FIND(".",A34,1)-5),0) -> 0 | D34: =IF(LEFT(A34,3)="Câu",VALUE(MID(A34,5,FIND(".",A34,1)-5)),"") -> 9 | E34: =SUBSTITUTE(IF(LEFT(A34,3)="Câu",MID(A34,FIND(".",A34,1)+2,LEN(A34)),""),CHAR(34),CHAR(92)&CHAR(34)) -> Trong nhóm các phương tiện giao thông đường bộ dưới đây, nhóm phương tiện nào là xe thô sơ? | G34: =SUBSTITUTE(B35,CHAR(34),CHAR(92)&CHAR(34)) -> Xe đạp, xe đạp máy, xe đạp điện; xe xích lô; xe lăn dùng cho người khuyết tật; xe vật nuôi kéo và các loại xe tương tự. | H34: =SUBSTITUTE(B36,CHAR(34),CHAR(92)&CHAR(34)) -> Xe đạp (kể cả xe đạp máy, xe đạp điện), xe gắn máy, xe cơ giới dùng cho người khuyết tật và xe máy chuyên dùng. | I34: =SUBSTITUTE(IF(LEFT(A37,3)="Câu","",B37),CHAR(34),CHAR(92)&CHAR(34)) -> Xe ô tô, máy kéo, rơ moóc hoặc sơ mi rơ moóc được kéo bởi xe ô tô, máy kéo. | J34: =SUBSTITUTE(IF(OR(LEFT(A38,3)="Câu",I34=""),"",IF(B38=0,"",B38)),CHAR(34),CHAR(92)&CHAR(34)) | K34: =SUBSTITUTE(SUBSTITUTE(SUBSTITUTE(SUBSTITUTE(IFERROR(VLOOKUP("Câu "&D34&".",dapan!$E:$J,6,0),""),"1","A"),"2","B"),"3","C"),"4","D") -> A | P34: =D34 -> 9 | Q34: =IF(D34="","",CHAR(123)&CHAR(34)&"num"&CHAR(34)&":"&P34&","&CHAR(34)&"id"&CHAR(34)&":"&D34&"," &CHAR(34)&"q"&CHAR(34)&":"&CHAR(34)&E34&CHAR(34)&"," &IF(F34="","",CHAR(34)&"img"&CHAR(34)&":"&CHAR(34)&F34&CHAR(34)&",") &CHAR(34)&"opts"&CHAR(34)&":"&CHAR(123)&CHAR(34)&"A"&CHAR(34)&":"&CHAR(34)&G34&CHAR(34)&","&CHAR(34)&"B"&CHAR(34)&":"&CHAR(34)&H34&CHAR(34) &IF(I34="","",","&CHAR(34)&"C"&CHAR(34)&":"&CHAR(34)&I34&CHAR(34))&IF(J34="","",","&CHAR(34)&"D"&CHAR(34)&":"&CHAR(34)&J34&CHAR(34))&CHAR(125)&"," &CHAR(34)&"answer"&CHAR(34)&":"&CHAR(34)&K34&CHAR(34) &IF(L34="","",","&CHAR(34)&"danger"&CHAR(34)&":"&CHAR(34)&"true"&CHAR(34)) &IF(M34="","",","&CHAR(34)&"explain"&CHAR(34)&":"&CHAR(34)&M34&CHAR(34)) &IF(N34="","",","&CHAR(34)&"explainImg"&CHAR(34)&":"&CHAR(34)&N34&CHAR(34)) &IF(O34="","",","&CHAR(34)&"shuffle"&CHAR(34)&":"&CHAR(34)&"false"&CHAR(34))&CHAR(125)&",") -> {"num":9,"id":9,"q":"Trong nhóm các phương tiện giao thông đường bộ dưới đây, nhóm phương tiện nào là xe thô sơ?","opts":{"A":" Xe đạp, xe đạp máy, xe đạp điện; xe xích lô; xe lăn dùng cho người khuyết tật; xe vật nuôi kéo và các loại xe tương tự.","B":"Xe đạp (kể cả xe đạp máy, xe đạp điện), xe gắn máy, xe cơ giới dùng cho người khuyết tật và xe máy chuyên dùng.","C":"Xe ô tô, máy kéo, rơ moóc hoặc sơ mi rơ moóc được kéo bởi xe ô tô, máy kéo."},"answer":"A"}, | R34: =CHAR(S34) -> & | S34: =S33+1 -> 38
A35: 1 | B35: Xe đạp, xe đạp máy, xe đạp điện; xe xích lô; xe lăn dùng cho người khuyết tật; xe vật nuôi kéo và các loại xe tương tự. | C35: =IFERROR(COUNTIFS($A$1:A35,"Câu "&"*")-MID(A35,5,FIND(".",A35,1)-5),0) -> 0 | D35: =IF(LEFT(A35,3)="Câu",VALUE(MID(A35,5,FIND(".",A35,1)-5)),"") | E35: =SUBSTITUTE(IF(LEFT(A35,3)="Câu",MID(A35,FIND(".",A35,1)+2,LEN(A35)),""),CHAR(34),CHAR(92)&CHAR(34)) | G35: =SUBSTITUTE(B36,CHAR(34),CHAR(92)&CHAR(34)) -> Xe đạp (kể cả xe đạp máy, xe đạp điện), xe gắn máy, xe cơ giới dùng cho người khuyết tật và xe máy chuyên dùng. | H35: =SUBSTITUTE(B37,CHAR(34),CHAR(92)&CHAR(34)) -> Xe ô tô, máy kéo, rơ moóc hoặc sơ mi rơ moóc được kéo bởi xe ô tô, máy kéo. | I35: =SUBSTITUTE(IF(LEFT(A38,3)="Câu","",B38),CHAR(34),CHAR(92)&CHAR(34)) | J35: =SUBSTITUTE(IF(OR(LEFT(A39,3)="Câu",I35=""),"",IF(B39=0,"",B39)),CHAR(34),CHAR(92)&CHAR(34)) | K35: =SUBSTITUTE(SUBSTITUTE(SUBSTITUTE(SUBSTITUTE(IFERROR(VLOOKUP("Câu "&D35&".",dapan!$E:$J,6,0),""),"1","A"),"2","B"),"3","C"),"4","D") | P35: =D35 | Q35: =IF(D35="","",CHAR(123)&CHAR(34)&"num"&CHAR(34)&":"&P35&","&CHAR(34)&"id"&CHAR(34)&":"&D35&"," &CHAR(34)&"q"&CHAR(34)&":"&CHAR(34)&E35&CHAR(34)&"," &IF(F35="","",CHAR(34)&"img"&CHAR(34)&":"&CHAR(34)&F35&CHAR(34)&",") &CHAR(34)&"opts"&CHAR(34)&":"&CHAR(123)&CHAR(34)&"A"&CHAR(34)&":"&CHAR(34)&G35&CHAR(34)&","&CHAR(34)&"B"&CHAR(34)&":"&CHAR(34)&H35&CHAR(34) &IF(I35="","",","&CHAR(34)&"C"&CHAR(34)&":"&CHAR(34)&I35&CHAR(34))&IF(J35="","",","&CHAR(34)&"D"&CHAR(34)&":"&CHAR(34)&J35&CHAR(34))&CHAR(125)&"," &CHAR(34)&"answer"&CHAR(34)&":"&CHAR(34)&K35&CHAR(34) &IF(L35="","",","&CHAR(34)&"danger"&CHAR(34)&":"&CHAR(34)&"true"&CHAR(34)) &IF(M35="","",","&CHAR(34)&"explain"&CHAR(34)&":"&CHAR(34)&M35&CHAR(34)) &IF(N35="","",","&CHAR(34)&"explainImg"&CHAR(34)&":"&CHAR(34)&N35&CHAR(34)) &IF(O35="","",","&CHAR(34)&"shuffle"&CHAR(34)&":"&CHAR(34)&"false"&CHAR(34))&CHAR(125)&",") | R35: =CHAR(S35) -> ' | S35: =S34+1 -> 39
A36: 2 | B36: Xe đạp (kể cả xe đạp máy, xe đạp điện), xe gắn máy, xe cơ giới dùng cho người khuyết tật và xe máy chuyên dùng. | C36: =IFERROR(COUNTIFS($A$1:A36,"Câu "&"*")-MID(A36,5,FIND(".",A36,1)-5),0) -> 0 | D36: =IF(LEFT(A36,3)="Câu",VALUE(MID(A36,5,FIND(".",A36,1)-5)),"") | E36: =SUBSTITUTE(IF(LEFT(A36,3)="Câu",MID(A36,FIND(".",A36,1)+2,LEN(A36)),""),CHAR(34),CHAR(92)&CHAR(34)) | G36: =SUBSTITUTE(B37,CHAR(34),CHAR(92)&CHAR(34)) -> Xe ô tô, máy kéo, rơ moóc hoặc sơ mi rơ moóc được kéo bởi xe ô tô, máy kéo. | H36: =SUBSTITUTE(B38,CHAR(34),CHAR(92)&CHAR(34)) | I36: =SUBSTITUTE(IF(LEFT(A39,3)="Câu","",B39),CHAR(34),CHAR(92)&CHAR(34)) -> Phương tiện giao thông cơ giới đường bộ. | J36: =SUBSTITUTE(IF(OR(LEFT(A40,3)="Câu",I36=""),"",IF(B40=0,"",B40)),CHAR(34),CHAR(92)&CHAR(34)) -> Phương tiện giao thông thô sơ đường bộ, xe máy chuyên dùng và các loại xe tương tự. | K36: =SUBSTITUTE(SUBSTITUTE(SUBSTITUTE(SUBSTITUTE(IFERROR(VLOOKUP("Câu "&D36&".",dapan!$E:$J,6,0),""),"1","A"),"2","B"),"3","C"),"4","D") | P36: =D36 | Q36: =IF(D36="","",CHAR(123)&CHAR(34)&"num"&CHAR(34)&":"&P36&","&CHAR(34)&"id"&CHAR(34)&":"&D36&"," &CHAR(34)&"q"&CHAR(34)&":"&CHAR(34)&E36&CHAR(34)&"," &IF(F36="","",CHAR(34)&"img"&CHAR(34)&":"&CHAR(34)&F36&CHAR(34)&",") &CHAR(34)&"opts"&CHAR(34)&":"&CHAR(123)&CHAR(34)&"A"&CHAR(34)&":"&CHAR(34)&G36&CHAR(34)&","&CHAR(34)&"B"&CHAR(34)&":"&CHAR(34)&H36&CHAR(34) &IF(I36="","",","&CHAR(34)&"C"&CHAR(34)&":"&CHAR(34)&I36&CHAR(34))&IF(J36="","",","&CHAR(34)&"D"&CHAR(34)&":"&CHAR(34)&J36&CHAR(34))&CHAR(125)&"," &CHAR(34)&"answer"&CHAR(34)&":"&CHAR(34)&K36&CHAR(34) &IF(L36="","",","&CHAR(34)&"danger"&CHAR(34)&":"&CHAR(34)&"true"&CHAR(34)) &IF(M36="","",","&CHAR(34)&"explain"&CHAR(34)&":"&CHAR(34)&M36&CHAR(34)) &IF(N36="","",","&CHAR(34)&"explainImg"&CHAR(34)&":"&CHAR(34)&N36&CHAR(34)) &IF(O36="","",","&CHAR(34)&"shuffle"&CHAR(34)&":"&CHAR(34)&"false"&CHAR(34))&CHAR(125)&",") | R36: =CHAR(S36) -> ( | S36: =S35+1 -> 40
A37: 3 | B37: Xe ô tô, máy kéo, rơ moóc hoặc sơ mi rơ moóc được kéo bởi xe ô tô, máy kéo. | C37: =IFERROR(COUNTIFS($A$1:A37,"Câu "&"*")-MID(A37,5,FIND(".",A37,1)-5),0) -> 0 | D37: =IF(LEFT(A37,3)="Câu",VALUE(MID(A37,5,FIND(".",A37,1)-5)),"") | E37: =SUBSTITUTE(IF(LEFT(A37,3)="Câu",MID(A37,FIND(".",A37,1)+2,LEN(A37)),""),CHAR(34),CHAR(92)&CHAR(34)) | G37: =SUBSTITUTE(B38,CHAR(34),CHAR(92)&CHAR(34)) | H37: =SUBSTITUTE(B39,CHAR(34),CHAR(92)&CHAR(34)) -> Phương tiện giao thông cơ giới đường bộ. | I37: =SUBSTITUTE(IF(LEFT(A40,3)="Câu","",B40),CHAR(34),CHAR(92)&CHAR(34)) -> Phương tiện giao thông thô sơ đường bộ, xe máy chuyên dùng và các loại xe tương tự. | J37: =SUBSTITUTE(IF(OR(LEFT(A41,3)="Câu",I37=""),"",IF(B41=0,"",B41)),CHAR(34),CHAR(92)&CHAR(34)) -> Cả hai ý trên. | K37: =SUBSTITUTE(SUBSTITUTE(SUBSTITUTE(SUBSTITUTE(IFERROR(VLOOKUP("Câu "&D37&".",dapan!$E:$J,6,0),""),"1","A"),"2","B"),"3","C"),"4","D") | P37: =D37 | Q37: =IF(D37="","",CHAR(123)&CHAR(34)&"num"&CHAR(34)&":"&P37&","&CHAR(34)&"id"&CHAR(34)&":"&D37&"," &CHAR(34)&"q"&CHAR(34)&":"&CHAR(34)&E37&CHAR(34)&"," &IF(F37="","",CHAR(34)&"img"&CHAR(34)&":"&CHAR(34)&F37&CHAR(34)&",") &CHAR(34)&"opts"&CHAR(34)&":"&CHAR(123)&CHAR(34)&"A"&CHAR(34)&":"&CHAR(34)&G37&CHAR(34)&","&CHAR(34)&"B"&CHAR(34)&":"&CHAR(34)&H37&CHAR(34) &IF(I37="","",","&CHAR(34)&"C"&CHAR(34)&":"&CHAR(34)&I37&CHAR(34))&IF(J37="","",","&CHAR(34)&"D"&CHAR(34)&":"&CHAR(34)&J37&CHAR(34))&CHAR(125)&"," &CHAR(34)&"answer"&CHAR(34)&":"&CHAR(34)&K37&CHAR(34) &IF(L37="","",","&CHAR(34)&"danger"&CHAR(34)&":"&CHAR(34)&"true"&CHAR(34)) &IF(M37="","",","&CHAR(34)&"explain"&CHAR(34)&":"&CHAR(34)&M37&CHAR(34)) &IF(N37="","",","&CHAR(34)&"explainImg"&CHAR(34)&":"&CHAR(34)&N37&CHAR(34)) &IF(O37="","",","&CHAR(34)&"shuffle"&CHAR(34)&":"&CHAR(34)&"false"&CHAR(34))&CHAR(125)&",") | R37: =CHAR(S37) -> ) | S37: =S36+1 -> 41
A38: Câu 10. Phương tiện giao thông đường bộ gồm những loại nào? | C38: =IFERROR(COUNTIFS($A$1:A38,"Câu "&"*")-MID(A38,5,FIND(".",A38,1)-5),0) -> 0 | D38: =IF(LEFT(A38,3)="Câu",VALUE(MID(A38,5,FIND(".",A38,1)-5)),"") -> 10 | E38: =SUBSTITUTE(IF(LEFT(A38,3)="Câu",MID(A38,FIND(".",A38,1)+2,LEN(A38)),""),CHAR(34),CHAR(92)&CHAR(34)) -> Phương tiện giao thông đường bộ gồm những loại nào? | G38: =SUBSTITUTE(B39,CHAR(34),CHAR(92)&CHAR(34)) -> Phương tiện giao thông cơ giới đường bộ. | H38: =SUBSTITUTE(B40,CHAR(34),CHAR(92)&CHAR(34)) -> Phương tiện giao thông thô sơ đường bộ, xe máy chuyên dùng và các loại xe tương tự. | I38: =SUBSTITUTE(IF(LEFT(A41,3)="Câu","",B41),CHAR(34),CHAR(92)&CHAR(34)) -> Cả hai ý trên. | J38: =SUBSTITUTE(IF(OR(LEFT(A42,3)="Câu",I38=""),"",IF(B42=0,"",B42)),CHAR(34),CHAR(92)&CHAR(34)) | K38: =SUBSTITUTE(SUBSTITUTE(SUBSTITUTE(SUBSTITUTE(IFERROR(VLOOKUP("Câu "&D38&".",dapan!$E:$J,6,0),""),"1","A"),"2","B"),"3","C"),"4","D") -> C | P38: =D38 -> 10 | Q38: =IF(D38="","",CHAR(123)&CHAR(34)&"num"&CHAR(34)&":"&P38&","&CHAR(34)&"id"&CHAR(34)&":"&D38&"," &CHAR(34)&"q"&CHAR(34)&":"&CHAR(34)&E38&CHAR(34)&"," &IF(F38="","",CHAR(34)&"img"&CHAR(34)&":"&CHAR(34)&F38&CHAR(34)&",") &CHAR(34)&"opts"&CHAR(34)&":"&CHAR(123)&CHAR(34)&"A"&CHAR(34)&":"&CHAR(34)&G38&CHAR(34)&","&CHAR(34)&"B"&CHAR(34)&":"&CHAR(34)&H38&CHAR(34) &IF(I38="","",","&CHAR(34)&"C"&CHAR(34)&":"&CHAR(34)&I38&CHAR(34))&IF(J38="","",","&CHAR(34)&"D"&CHAR(34)&":"&CHAR(34)&J38&CHAR(34))&CHAR(125)&"," &CHAR(34)&"answer"&CHAR(34)&":"&CHAR(34)&K38&CHAR(34) &IF(L38="","",","&CHAR(34)&"danger"&CHAR(34)&":"&CHAR(34)&"true"&CHAR(34)) &IF(M38="","",","&CHAR(34)&"explain"&CHAR(34)&":"&CHAR(34)&M38&CHAR(34)) &IF(N38="","",","&CHAR(34)&"explainImg"&CHAR(34)&":"&CHAR(34)&N38&CHAR(34)) &IF(O38="","",","&CHAR(34)&"shuffle"&CHAR(34)&":"&CHAR(34)&"false"&CHAR(34))&CHAR(125)&",") -> {"num":10,"id":10,"q":"Phương tiện giao thông đường bộ gồm những loại nào?","opts":{"A":"Phương tiện giao thông cơ giới đường bộ.","B":"Phương tiện giao thông thô sơ đường bộ, xe máy chuyên dùng và các loại xe tương tự.","C":" Cả hai ý trên."},"answer":"C"}, | R38: =CHAR(S38) -> * | S38: =S37+1 -> 42
A39: 1 | B39: Phương tiện giao thông cơ giới đường bộ. | C39: =IFERROR(COUNTIFS($A$1:A39,"Câu "&"*")-MID(A39,5,FIND(".",A39,1)-5),0) -> 0 | D39: =IF(LEFT(A39,3)="Câu",VALUE(MID(A39,5,FIND(".",A39,1)-5)),"") | E39: =SUBSTITUTE(IF(LEFT(A39,3)="Câu",MID(A39,FIND(".",A39,1)+2,LEN(A39)),""),CHAR(34),CHAR(92)&CHAR(34)) | G39: =SUBSTITUTE(B40,CHAR(34),CHAR(92)&CHAR(34)) -> Phương tiện giao thông thô sơ đường bộ, xe máy chuyên dùng và các loại xe tương tự. | H39: =SUBSTITUTE(B41,CHAR(34),CHAR(92)&CHAR(34)) -> Cả hai ý trên. | I39: =SUBSTITUTE(IF(LEFT(A42,3)="Câu","",B42),CHAR(34),CHAR(92)&CHAR(34)) | J39: =SUBSTITUTE(IF(OR(LEFT(A43,3)="Câu",I39=""),"",IF(B43=0,"",B43)),CHAR(34),CHAR(92)&CHAR(34)) | K39: =SUBSTITUTE(SUBSTITUTE(SUBSTITUTE(SUBSTITUTE(IFERROR(VLOOKUP("Câu "&D39&".",dapan!$E:$J,6,0),""),"1","A"),"2","B"),"3","C"),"4","D") | P39: =D39 | Q39: =IF(D39="","",CHAR(123)&CHAR(34)&"num"&CHAR(34)&":"&P39&","&CHAR(34)&"id"&CHAR(34)&":"&D39&"," &CHAR(34)&"q"&CHAR(34)&":"&CHAR(34)&E39&CHAR(34)&"," &IF(F39="","",CHAR(34)&"img"&CHAR(34)&":"&CHAR(34)&F39&CHAR(34)&",") &CHAR(34)&"opts"&CHAR(34)&":"&CHAR(123)&CHAR(34)&"A"&CHAR(34)&":"&CHAR(34)&G39&CHAR(34)&","&CHAR(34)&"B"&CHAR(34)&":"&CHAR(34)&H39&CHAR(34) &IF(I39="","",","&CHAR(34)&"C"&CHAR(34)&":"&CHAR(34)&I39&CHAR(34))&IF(J39="","",","&CHAR(34)&"D"&CHAR(34)&":"&CHAR(34)&J39&CHAR(34))&CHAR(125)&"," &CHAR(34)&"answer"&CHAR(34)&":"&CHAR(34)&K39&CHAR(34) &IF(L39="","",","&CHAR(34)&"danger"&CHAR(34)&":"&CHAR(34)&"true"&CHAR(34)) &IF(M39="","",","&CHAR(34)&"explain"&CHAR(34)&":"&CHAR(34)&M39&CHAR(34)) &IF(N39="","",","&CHAR(34)&"explainImg"&CHAR(34)&":"&CHAR(34)&N39&CHAR(34)) &IF(O39="","",","&CHAR(34)&"shuffle"&CHAR(34)&":"&CHAR(34)&"false"&CHAR(34))&CHAR(125)&",") | R39: =CHAR(S39) -> + | S39: =S38+1 -> 43
A40: 2 | B40: Phương tiện giao thông thô sơ đường bộ, xe máy chuyên dùng và các loại xe tương tự. | C40: =IFERROR(COUNTIFS($A$1:A40,"Câu "&"*")-MID(A40,5,FIND(".",A40,1)-5),0) -> 0 | D40: =IF(LEFT(A40,3)="Câu",VALUE(MID(A40,5,FIND(".",A40,1)-5)),"") | E40: =SUBSTITUTE(IF(LEFT(A40,3)="Câu",MID(A40,FIND(".",A40,1)+2,LEN(A40)),""),CHAR(34),CHAR(92)&CHAR(34)) | G40: =SUBSTITUTE(B41,CHAR(34),CHAR(92)&CHAR(34)) -> Cả hai ý trên. | H40: =SUBSTITUTE(B42,CHAR(34),CHAR(92)&CHAR(34)) | I40: =SUBSTITUTE(IF(LEFT(A43,3)="Câu","",B43),CHAR(34),CHAR(92)&CHAR(34)) -> Người điều khiển, người được chở trên phương tiện tham gia giao thông đường bộ. | J40: =SUBSTITUTE(IF(OR(LEFT(A44,3)="Câu",I40=""),"",IF(B44=0,"",B44)),CHAR(34),CHAR(92)&CHAR(34)) -> Người điều khiển, dẫn dắt vật nuôi trên đường bộ; người đi bộ trên đường bộ. | K40: =SUBSTITUTE(SUBSTITUTE(SUBSTITUTE(SUBSTITUTE(IFERROR(VLOOKUP("Câu "&D40&".",dapan!$E:$J,6,0),""),"1","A"),"2","B"),"3","C"),"4","D") | P40: =D40 | Q40: =IF(D40="","",CHAR(123)&CHAR(34)&"num"&CHAR(34)&":"&P40&","&CHAR(34)&"id"&CHAR(34)&":"&D40&"," &CHAR(34)&"q"&CHAR(34)&":"&CHAR(34)&E40&CHAR(34)&"," &IF(F40="","",CHAR(34)&"img"&CHAR(34)&":"&CHAR(34)&F40&CHAR(34)&",") &CHAR(34)&"opts"&CHAR(34)&":"&CHAR(123)&CHAR(34)&"A"&CHAR(34)&":"&CHAR(34)&G40&CHAR(34)&","&CHAR(34)&"B"&CHAR(34)&":"&CHAR(34)&H40&CHAR(34) &IF(I40="","",","&CHAR(34)&"C"&CHAR(34)&":"&CHAR(34)&I40&CHAR(34))&IF(J40="","",","&CHAR(34)&"D"&CHAR(34)&":"&CHAR(34)&J40&CHAR(34))&CHAR(125)&"," &CHAR(34)&"answer"&CHAR(34)&":"&CHAR(34)&K40&CHAR(34) &IF(L40="","",","&CHAR(34)&"danger"&CHAR(34)&":"&CHAR(34)&"true"&CHAR(34)) &IF(M40="","",","&CHAR(34)&"explain"&CHAR(34)&":"&CHAR(34)&M40&CHAR(34)) &IF(N40="","",","&CHAR(34)&"explainImg"&CHAR(34)&":"&CHAR(34)&N40&CHAR(34)) &IF(O40="","",","&CHAR(34)&"shuffle"&CHAR(34)&":"&CHAR(34)&"false"&CHAR(34))&CHAR(125)&",") | R40: =CHAR(S40) -> , | S40: =S39+1 -> 44
A41: 3 | B41: Cả hai ý trên. | C41: =IFERROR(COUNTIFS($A$1:A41,"Câu "&"*")-MID(A41,5,FIND(".",A41,1)-5),0) -> 0 | D41: =IF(LEFT(A41,3)="Câu",VALUE(MID(A41,5,FIND(".",A41,1)-5)),"") | E41: =SUBSTITUTE(IF(LEFT(A41,3)="Câu",MID(A41,FIND(".",A41,1)+2,LEN(A41)),""),CHAR(34),CHAR(92)&CHAR(34)) | G41: =SUBSTITUTE(B42,CHAR(34),CHAR(92)&CHAR(34)) | H41: =SUBSTITUTE(B43,CHAR(34),CHAR(92)&CHAR(34)) -> Người điều khiển, người được chở trên phương tiện tham gia giao thông đường bộ. | I41: =SUBSTITUTE(IF(LEFT(A44,3)="Câu","",B44),CHAR(34),CHAR(92)&CHAR(34)) -> Người điều khiển, dẫn dắt vật nuôi trên đường bộ; người đi bộ trên đường bộ. | J41: =SUBSTITUTE(IF(OR(LEFT(A45,3)="Câu",I41=""),"",IF(B45=0,"",B45)),CHAR(34),CHAR(92)&CHAR(34)) -> Cả hai ý trên. | K41: =SUBSTITUTE(SUBSTITUTE(SUBSTITUTE(SUBSTITUTE(IFERROR(VLOOKUP("Câu "&D41&".",dapan!$E:$J,6,0),""),"1","A"),"2","B"),"3","C"),"4","D") | P41: =D41 | Q41: =IF(D41="","",CHAR(123)&CHAR(34)&"num"&CHAR(34)&":"&P41&","&CHAR(34)&"id"&CHAR(34)&":"&D41&"," &CHAR(34)&"q"&CHAR(34)&":"&CHAR(34)&E41&CHAR(34)&"," &IF(F41="","",CHAR(34)&"img"&CHAR(34)&":"&CHAR(34)&F41&CHAR(34)&",") &CHAR(34)&"opts"&CHAR(34)&":"&CHAR(123)&CHAR(34)&"A"&CHAR(34)&":"&CHAR(34)&G41&CHAR(34)&","&CHAR(34)&"B"&CHAR(34)&":"&CHAR(34)&H41&CHAR(34) &IF(I41="","",","&CHAR(34)&"C"&CHAR(34)&":"&CHAR(34)&I41&CHAR(34))&IF(J41="","",","&CHAR(34)&"D"&CHAR(34)&":"&CHAR(34)&J41&CHAR(34))&CHAR(125)&"," &CHAR(34)&"answer"&CHAR(34)&":"&CHAR(34)&K41&CHAR(34) &IF(L41="","",","&CHAR(34)&"danger"&CHAR(34)&":"&CHAR(34)&"true"&CHAR(34)) &IF(M41="","",","&CHAR(34)&"explain"&CHAR(34)&":"&CHAR(34)&M41&CHAR(34)) &IF(N41="","",","&CHAR(34)&"explainImg"&CHAR(34)&":"&CHAR(34)&N41&CHAR(34)) &IF(O41="","",","&CHAR(34)&"shuffle"&CHAR(34)&":"&CHAR(34)&"false"&CHAR(34))&CHAR(125)&",") | R41: =CHAR(S41) -> - | S41: =S40+1 -> 45
A42: Câu 11. Người tham gia giao thông đường bộ gồm những đối tượng nào? | C42: =IFERROR(COUNTIFS($A$1:A42,"Câu "&"*")-MID(A42,5,FIND(".",A42,1)-5),0) -> 0 | D42: =IF(LEFT(A42,3)="Câu",VALUE(MID(A42,5,FIND(".",A42,1)-5)),"") -> 11 | E42: =SUBSTITUTE(IF(LEFT(A42,3)="Câu",MID(A42,FIND(".",A42,1)+2,LEN(A42)),""),CHAR(34),CHAR(92)&CHAR(34)) -> Người tham gia giao thông đường bộ gồm những đối tượng nào? | G42: =SUBSTITUTE(B43,CHAR(34),CHAR(92)&CHAR(34)) -> Người điều khiển, người được chở trên phương tiện tham gia giao thông đường bộ. | H42: =SUBSTITUTE(B44,CHAR(34),CHAR(92)&CHAR(34)) -> Người điều khiển, dẫn dắt vật nuôi trên đường bộ; người đi bộ trên đường bộ. | I42: =SUBSTITUTE(IF(LEFT(A45,3)="Câu","",B45),CHAR(34),CHAR(92)&CHAR(34)) -> Cả hai ý trên. | J42: =SUBSTITUTE(IF(OR(LEFT(A46,3)="Câu",I42=""),"",IF(B46=0,"",B46)),CHAR(34),CHAR(92)&CHAR(34)) | K42: =SUBSTITUTE(SUBSTITUTE(SUBSTITUTE(SUBSTITUTE(IFERROR(VLOOKUP("Câu "&D42&".",dapan!$E:$J,6,0),""),"1","A"),"2","B"),"3","C"),"4","D") -> C | P42: =D42 -> 11 | Q42: =IF(D42="","",CHAR(123)&CHAR(34)&"num"&CHAR(34)&":"&P42&","&CHAR(34)&"id"&CHAR(34)&":"&D42&"," &CHAR(34)&"q"&CHAR(34)&":"&CHAR(34)&E42&CHAR(34)&"," &IF(F42="","",CHAR(34)&"img"&CHAR(34)&":"&CHAR(34)&F42&CHAR(34)&",") &CHAR(34)&"opts"&CHAR(34)&":"&CHAR(123)&CHAR(34)&"A"&CHAR(34)&":"&CHAR(34)&G42&CHAR(34)&","&CHAR(34)&"B"&CHAR(34)&":"&CHAR(34)&H42&CHAR(34) &IF(I42="","",","&CHAR(34)&"C"&CHAR(34)&":"&CHAR(34)&I42&CHAR(34))&IF(J42="","",","&CHAR(34)&"D"&CHAR(34)&":"&CHAR(34)&J42&CHAR(34))&CHAR(125)&"," &CHAR(34)&"answer"&CHAR(34)&":"&CHAR(34)&K42&CHAR(34) &IF(L42="","",","&CHAR(34)&"danger"&CHAR(34)&":"&CHAR(34)&"true"&CHAR(34)) &IF(M42="","",","&CHAR(34)&"explain"&CHAR(34)&":"&CHAR(34)&M42&CHAR(34)) &IF(N42="","",","&CHAR(34)&"explainImg"&CHAR(34)&":"&CHAR(34)&N42&CHAR(34)) &IF(O42="","",","&CHAR(34)&"shuffle"&CHAR(34)&":"&CHAR(34)&"false"&CHAR(34))&CHAR(125)&",") -> {"num":11,"id":11,"q":"Người tham gia giao thông đường bộ gồm những đối tượng nào?","opts":{"A":"Người điều khiển, người được chở trên phương tiện tham gia giao thông đường bộ.","B":"Người điều khiển, dẫn dắt vật nuôi trên đường bộ; người đi bộ trên đường bộ.","C":" Cả hai ý trên."},"answer":"C"}, | R42: =CHAR(S42) -> . | S42: =S41+1 -> 46
A43: 1 | B43: Người điều khiển, người được chở trên phương tiện tham gia giao thông đường bộ. | C43: =IFERROR(COUNTIFS($A$1:A43,"Câu "&"*")-MID(A43,5,FIND(".",A43,1)-5),0) -> 0 | D43: =IF(LEFT(A43,3)="Câu",VALUE(MID(A43,5,FIND(".",A43,1)-5)),"") | E43: =SUBSTITUTE(IF(LEFT(A43,3)="Câu",MID(A43,FIND(".",A43,1)+2,LEN(A43)),""),CHAR(34),CHAR(92)&CHAR(34)) | G43: =SUBSTITUTE(B44,CHAR(34),CHAR(92)&CHAR(34)) -> Người điều khiển, dẫn dắt vật nuôi trên đường bộ; người đi bộ trên đường bộ. | H43: =SUBSTITUTE(B45,CHAR(34),CHAR(92)&CHAR(34)) -> Cả hai ý trên. | I43: =SUBSTITUTE(IF(LEFT(A46,3)="Câu","",B46),CHAR(34),CHAR(92)&CHAR(34)) | J43: =SUBSTITUTE(IF(OR(LEFT(A47,3)="Câu",I43=""),"",IF(B47=0,"",B47)),CHAR(34),CHAR(92)&CHAR(34)) | K43: =SUBSTITUTE(SUBSTITUTE(SUBSTITUTE(SUBSTITUTE(IFERROR(VLOOKUP("Câu "&D43&".",dapan!$E:$J,6,0),""),"1","A"),"2","B"),"3","C"),"4","D") | P43: =D43 | Q43: =IF(D43="","",CHAR(123)&CHAR(34)&"num"&CHAR(34)&":"&P43&","&CHAR(34)&"id"&CHAR(34)&":"&D43&"," &CHAR(34)&"q"&CHAR(34)&":"&CHAR(34)&E43&CHAR(34)&"," &IF(F43="","",CHAR(34)&"img"&CHAR(34)&":"&CHAR(34)&F43&CHAR(34)&",") &CHAR(34)&"opts"&CHAR(34)&":"&CHAR(123)&CHAR(34)&"A"&CHAR(34)&":"&CHAR(34)&G43&CHAR(34)&","&CHAR(34)&"B"&CHAR(34)&":"&CHAR(34)&H43&CHAR(34) &IF(I43="","",","&CHAR(34)&"C"&CHAR(34)&":"&CHAR(34)&I43&CHAR(34))&IF(J43="","",","&CHAR(34)&"D"&CHAR(34)&":"&CHAR(34)&J43&CHAR(34))&CHAR(125)&"," &CHAR(34)&"answer"&CHAR(34)&":"&CHAR(34)&K43&CHAR(34) &IF(L43="","",","&CHAR(34)&"danger"&CHAR(34)&":"&CHAR(34)&"true"&CHAR(34)) &IF(M43="","",","&CHAR(34)&"explain"&CHAR(34)&":"&CHAR(34)&M43&CHAR(34)) &IF(N43="","",","&CHAR(34)&"explainImg"&CHAR(34)&":"&CHAR(34)&N43&CHAR(34)) &IF(O43="","",","&CHAR(34)&"shuffle"&CHAR(34)&":"&CHAR(34)&"false"&CHAR(34))&CHAR(125)&",") | R43: =CHAR(S43) -> / | S43: =S42+1 -> 47
A44: 2 | B44: Người điều khiển, dẫn dắt vật nuôi trên đường bộ; người đi bộ trên đường bộ. | C44: =IFERROR(COUNTIFS($A$1:A44,"Câu "&"*")-MID(A44,5,FIND(".",A44,1)-5),0) -> 0 | D44: =IF(LEFT(A44,3)="Câu",VALUE(MID(A44,5,FIND(".",A44,1)-5)),"") | E44: =SUBSTITUTE(IF(LEFT(A44,3)="Câu",MID(A44,FIND(".",A44,1)+2,LEN(A44)),""),CHAR(34),CHAR(92)&CHAR(34)) | G44: =SUBSTITUTE(B45,CHAR(34),CHAR(92)&CHAR(34)) -> Cả hai ý trên. | H44: =SUBSTITUTE(B46,CHAR(34),CHAR(92)&CHAR(34)) | I44: =SUBSTITUTE(IF(LEFT(A47,3)="Câu","",B47),CHAR(34),CHAR(92)&CHAR(34)) -> Người điều khiển xe cơ giới, người điều khiển xe thô sơ. | J44: =SUBSTITUTE(IF(OR(LEFT(A48,3)="Câu",I44=""),"",IF(B48=0,"",B48)),CHAR(34),CHAR(92)&CHAR(34)) -> Người điều khiển xe máy chuyên dùng. | K44: =SUBSTITUTE(SUBSTITUTE(SUBSTITUTE(SUBSTITUTE(IFERROR(VLOOKUP("Câu "&D44&".",dapan!$E:$J,6,0),""),"1","A"),"2","B"),"3","C"),"4","D") | P44: =D44 | Q44: =IF(D44="","",CHAR(123)&CHAR(34)&"num"&CHAR(34)&":"&P44&","&CHAR(34)&"id"&CHAR(34)&":"&D44&"," &CHAR(34)&"q"&CHAR(34)&":"&CHAR(34)&E44&CHAR(34)&"," &IF(F44="","",CHAR(34)&"img"&CHAR(34)&":"&CHAR(34)&F44&CHAR(34)&",") &CHAR(34)&"opts"&CHAR(34)&":"&CHAR(123)&CHAR(34)&"A"&CHAR(34)&":"&CHAR(34)&G44&CHAR(34)&","&CHAR(34)&"B"&CHAR(34)&":"&CHAR(34)&H44&CHAR(34) &IF(I44="","",","&CHAR(34)&"C"&CHAR(34)&":"&CHAR(34)&I44&CHAR(34))&IF(J44="","",","&CHAR(34)&"D"&CHAR(34)&":"&CHAR(34)&J44&CHAR(34))&CHAR(125)&"," &CHAR(34)&"answer"&CHAR(34)&":"&CHAR(34)&K44&CHAR(34) &IF(L44="","",","&CHAR(34)&"danger"&CHAR(34)&":"&CHAR(34)&"true"&CHAR(34)) &IF(M44="","",","&CHAR(34)&"explain"&CHAR(34)&":"&CHAR(34)&M44&CHAR(34)) &IF(N44="","",","&CHAR(34)&"explainImg"&CHAR(34)&":"&CHAR(34)&N44&CHAR(34)) &IF(O44="","",","&CHAR(34)&"shuffle"&CHAR(34)&":"&CHAR(34)&"false"&CHAR(34))&CHAR(125)&",") | R44: =CHAR(S44) -> 0 | S44: =S43+1 -> 48
A45: 3 | B45: Cả hai ý trên. | C45: =IFERROR(COUNTIFS($A$1:A45,"Câu "&"*")-MID(A45,5,FIND(".",A45,1)-5),0) -> 0 | D45: =IF(LEFT(A45,3)="Câu",VALUE(MID(A45,5,FIND(".",A45,1)-5)),"") | E45: =SUBSTITUTE(IF(LEFT(A45,3)="Câu",MID(A45,FIND(".",A45,1)+2,LEN(A45)),""),CHAR(34),CHAR(92)&CHAR(34)) | G45: =SUBSTITUTE(B46,CHAR(34),CHAR(92)&CHAR(34)) | H45: =SUBSTITUTE(B47,CHAR(34),CHAR(92)&CHAR(34)) -> Người điều khiển xe cơ giới, người điều khiển xe thô sơ. | I45: =SUBSTITUTE(IF(LEFT(A48,3)="Câu","",B48),CHAR(34),CHAR(92)&CHAR(34)) -> Người điều khiển xe máy chuyên dùng. | J45: =SUBSTITUTE(IF(OR(LEFT(A49,3)="Câu",I45=""),"",IF(B49=0,"",B49)),CHAR(34),CHAR(92)&CHAR(34)) -> Cả hai ý trên. | K45: =SUBSTITUTE(SUBSTITUTE(SUBSTITUTE(SUBSTITUTE(IFERROR(VLOOKUP("Câu "&D45&".",dapan!$E:$J,6,0),""),"1","A"),"2","B"),"3","C"),"4","D") | P45: =D45 | Q45: =IF(D45="","",CHAR(123)&CHAR(34)&"num"&CHAR(34)&":"&P45&","&CHAR(34)&"id"&CHAR(34)&":"&D45&"," &CHAR(34)&"q"&CHAR(34)&":"&CHAR(34)&E45&CHAR(34)&"," &IF(F45="","",CHAR(34)&"img"&CHAR(34)&":"&CHAR(34)&F45&CHAR(34)&",") &CHAR(34)&"opts"&CHAR(34)&":"&CHAR(123)&CHAR(34)&"A"&CHAR(34)&":"&CHAR(34)&G45&CHAR(34)&","&CHAR(34)&"B"&CHAR(34)&":"&CHAR(34)&H45&CHAR(34) &IF(I45="","",","&CHAR(34)&"C"&CHAR(34)&":"&CHAR(34)&I45&CHAR(34))&IF(J45="","",","&CHAR(34)&"D"&CHAR(34)&":"&CHAR(34)&J45&CHAR(34))&CHAR(125)&"," &CHAR(34)&"answer"&CHAR(34)&":"&CHAR(34)&K45&CHAR(34) &IF(L45="","",","&CHAR(34)&"danger"&CHAR(34)&":"&CHAR(34)&"true"&CHAR(34)) &IF(M45="","",","&CHAR(34)&"explain"&CHAR(34)&":"&CHAR(34)&M45&CHAR(34)) &IF(N45="","",","&CHAR(34)&"explainImg"&CHAR(34)&":"&CHAR(34)&N45&CHAR(34)) &IF(O45="","",","&CHAR(34)&"shuffle"&CHAR(34)&":"&CHAR(34)&"false"&CHAR(34))&CHAR(125)&",") | R45: =CHAR(S45) -> 1 | S45: =S44+1 -> 49
A46: Câu 12. Người điều khiển phương tiện tham gia giao thông đường bộ gồm những đối tượng nào dưới đây? | C46: =IFERROR(COUNTIFS($A$1:A46,"Câu "&"*")-MID(A46,5,FIND(".",A46,1)-5),0) -> 0 | D46: =IF(LEFT(A46,3)="Câu",VALUE(MID(A46,5,FIND(".",A46,1)-5)),"") -> 12 | E46: =SUBSTITUTE(IF(LEFT(A46,3)="Câu",MID(A46,FIND(".",A46,1)+2,LEN(A46)),""),CHAR(34),CHAR(92)&CHAR(34)) -> Người điều khiển phương tiện tham gia giao thông đường bộ gồm những đối tượng nào dưới đây? | G46: =SUBSTITUTE(B47,CHAR(34),CHAR(92)&CHAR(34)) -> Người điều khiển xe cơ giới, người điều khiển xe thô sơ. | H46: =SUBSTITUTE(B48,CHAR(34),CHAR(92)&CHAR(34)) -> Người điều khiển xe máy chuyên dùng. | I46: =SUBSTITUTE(IF(LEFT(A49,3)="Câu","",B49),CHAR(34),CHAR(92)&CHAR(34)) -> Cả hai ý trên. | J46: =SUBSTITUTE(IF(OR(LEFT(A50,3)="Câu",I46=""),"",IF(B50=0,"",B50)),CHAR(34),CHAR(92)&CHAR(34)) | K46: =SUBSTITUTE(SUBSTITUTE(SUBSTITUTE(SUBSTITUTE(IFERROR(VLOOKUP("Câu "&D46&".",dapan!$E:$J,6,0),""),"1","A"),"2","B"),"3","C"),"4","D") -> C | P46: =D46 -> 12 | Q46: =IF(D46="","",CHAR(123)&CHAR(34)&"num"&CHAR(34)&":"&P46&","&CHAR(34)&"id"&CHAR(34)&":"&D46&"," &CHAR(34)&"q"&CHAR(34)&":"&CHAR(34)&E46&CHAR(34)&"," &IF(F46="","",CHAR(34)&"img"&CHAR(34)&":"&CHAR(34)&F46&CHAR(34)&",") &CHAR(34)&"opts"&CHAR(34)&":"&CHAR(123)&CHAR(34)&"A"&CHAR(34)&":"&CHAR(34)&G46&CHAR(34)&","&CHAR(34)&"B"&CHAR(34)&":"&CHAR(34)&H46&CHAR(34) &IF(I46="","",","&CHAR(34)&"C"&CHAR(34)&":"&CHAR(34)&I46&CHAR(34))&IF(J46="","",","&CHAR(34)&"D"&CHAR(34)&":"&CHAR(34)&J46&CHAR(34))&CHAR(125)&"," &CHAR(34)&"answer"&CHAR(34)&":"&CHAR(34)&K46&CHAR(34) &IF(L46="","",","&CHAR(34)&"danger"&CHAR(34)&":"&CHAR(34)&"true"&CHAR(34)) &IF(M46="","",","&CHAR(34)&"explain"&CHAR(34)&":"&CHAR(34)&M46&CHAR(34)) &IF(N46="","",","&CHAR(34)&"explainImg"&CHAR(34)&":"&CHAR(34)&N46&CHAR(34)) &IF(O46="","",","&CHAR(34)&"shuffle"&CHAR(34)&":"&CHAR(34)&"false"&CHAR(34))&CHAR(125)&",") -> {"num":12,"id":12,"q":"Người điều khiển phương tiện tham gia giao thông đường bộ gồm những đối tượng nào dưới đây?","opts":{"A":"Người điều khiển xe cơ giới, người điều khiển xe thô sơ.","B":"Người điều khiển xe máy chuyên dùng.","C":" Cả hai ý trên."},"answer":"C"}, | R46: =CHAR(S46) -> 2 | S46: =S45+1 -> 50
A47: 1 | B47: Người điều khiển xe cơ giới, người điều khiển xe thô sơ. | C47: =IFERROR(COUNTIFS($A$1:A47,"Câu "&"*")-MID(A47,5,FIND(".",A47,1)-5),0) -> 0 | D47: =IF(LEFT(A47,3)="Câu",VALUE(MID(A47,5,FIND(".",A47,1)-5)),"") | E47: =SUBSTITUTE(IF(LEFT(A47,3)="Câu",MID(A47,FIND(".",A47,1)+2,LEN(A47)),""),CHAR(34),CHAR(92)&CHAR(34)) | G47: =SUBSTITUTE(B48,CHAR(34),CHAR(92)&CHAR(34)) -> Người điều khiển xe máy chuyên dùng. | H47: =SUBSTITUTE(B49,CHAR(34),CHAR(92)&CHAR(34)) -> Cả hai ý trên. | I47: =SUBSTITUTE(IF(LEFT(A50,3)="Câu","",B50),CHAR(34),CHAR(92)&CHAR(34)) | J47: =SUBSTITUTE(IF(OR(LEFT(A51,3)="Câu",I47=""),"",IF(B51=0,"",B51)),CHAR(34),CHAR(92)&CHAR(34)) | K47: =SUBSTITUTE(SUBSTITUTE(SUBSTITUTE(SUBSTITUTE(IFERROR(VLOOKUP("Câu "&D47&".",dapan!$E:$J,6,0),""),"1","A"),"2","B"),"3","C"),"4","D") | P47: =D47 | Q47: =IF(D47="","",CHAR(123)&CHAR(34)&"num"&CHAR(34)&":"&P47&","&CHAR(34)&"id"&CHAR(34)&":"&D47&"," &CHAR(34)&"q"&CHAR(34)&":"&CHAR(34)&E47&CHAR(34)&"," &IF(F47="","",CHAR(34)&"img"&CHAR(34)&":"&CHAR(34)&F47&CHAR(34)&",") &CHAR(34)&"opts"&CHAR(34)&":"&CHAR(123)&CHAR(34)&"A"&CHAR(34)&":"&CHAR(34)&G47&CHAR(34)&","&CHAR(34)&"B"&CHAR(34)&":"&CHAR(34)&H47&CHAR(34) &IF(I47="","",","&CHAR(34)&"C"&CHAR(34)&":"&CHAR(34)&I47&CHAR(34))&IF(J47="","",","&CHAR(34)&"D"&CHAR(34)&":"&CHAR(34)&J47&CHAR(34))&CHAR(125)&"," &CHAR(34)&"answer"&CHAR(34)&":"&CHAR(34)&K47&CHAR(34) &IF(L47="","",","&CHAR(34)&"danger"&CHAR(34)&":"&CHAR(34)&"true"&CHAR(34)) &IF(M47="","",","&CHAR(34)&"explain"&CHAR(34)&":"&CHAR(34)&M47&CHAR(34)) &IF(N47="","",","&CHAR(34)&"explainImg"&CHAR(34)&":"&CHAR(34)&N47&CHAR(34)) &IF(O47="","",","&CHAR(34)&"shuffle"&CHAR(34)&":"&CHAR(34)&"false"&CHAR(34))&CHAR(125)&",") | R47: =CHAR(S47) -> 3 | S47: =S46+1 -> 51
A48: 2 | B48: Người điều khiển xe máy chuyên dùng. | C48: =IFERROR(COUNTIFS($A$1:A48,"Câu "&"*")-MID(A48,5,FIND(".",A48,1)-5),0) -> 0 | D48: =IF(LEFT(A48,3)="Câu",VALUE(MID(A48,5,FIND(".",A48,1)-5)),"") | E48: =SUBSTITUTE(IF(LEFT(A48,3)="Câu",MID(A48,FIND(".",A48,1)+2,LEN(A48)),""),CHAR(34),CHAR(92)&CHAR(34)) | G48: =SUBSTITUTE(B49,CHAR(34),CHAR(92)&CHAR(34)) -> Cả hai ý trên. | H48: =SUBSTITUTE(B50,CHAR(34),CHAR(92)&CHAR(34)) | I48: =SUBSTITUTE(IF(LEFT(A51,3)="Câu","",B51),CHAR(34),CHAR(92)&CHAR(34)) -> Là người điều khiển phương tiện tham gia giao thông đường bộ. | J48: =SUBSTITUTE(IF(OR(LEFT(A52,3)="Câu",I48=""),"",IF(B52=0,"",B52)),CHAR(34),CHAR(92)&CHAR(34)) -> Là Cảnh sát giao thông và người được giao nhiệm vụ hướng dẫn giao thông trên đường bộ. | K48: =SUBSTITUTE(SUBSTITUTE(SUBSTITUTE(SUBSTITUTE(IFERROR(VLOOKUP("Câu "&D48&".",dapan!$E:$J,6,0),""),"1","A"),"2","B"),"3","C"),"4","D") | P48: =D48 | Q48: =IF(D48="","",CHAR(123)&CHAR(34)&"num"&CHAR(34)&":"&P48&","&CHAR(34)&"id"&CHAR(34)&":"&D48&"," &CHAR(34)&"q"&CHAR(34)&":"&CHAR(34)&E48&CHAR(34)&"," &IF(F48="","",CHAR(34)&"img"&CHAR(34)&":"&CHAR(34)&F48&CHAR(34)&",") &CHAR(34)&"opts"&CHAR(34)&":"&CHAR(123)&CHAR(34)&"A"&CHAR(34)&":"&CHAR(34)&G48&CHAR(34)&","&CHAR(34)&"B"&CHAR(34)&":"&CHAR(34)&H48&CHAR(34) &IF(I48="","",","&CHAR(34)&"C"&CHAR(34)&":"&CHAR(34)&I48&CHAR(34))&IF(J48="","",","&CHAR(34)&"D"&CHAR(34)&":"&CHAR(34)&J48&CHAR(34))&CHAR(125)&"," &CHAR(34)&"answer"&CHAR(34)&":"&CHAR(34)&K48&CHAR(34) &IF(L48="","",","&CHAR(34)&"danger"&CHAR(34)&":"&CHAR(34)&"true"&CHAR(34)) &IF(M48="","",","&CHAR(34)&"explain"&CHAR(34)&":"&CHAR(34)&M48&CHAR(34)) &IF(N48="","",","&CHAR(34)&"explainImg"&CHAR(34)&":"&CHAR(34)&N48&CHAR(34)) &IF(O48="","",","&CHAR(34)&"shuffle"&CHAR(34)&":"&CHAR(34)&"false"&CHAR(34))&CHAR(125)&",") | R48: =CHAR(S48) -> 4 | S48: =S47+1 -> 52
A49: 3 | B49: Cả hai ý trên. | C49: =IFERROR(COUNTIFS($A$1:A49,"Câu "&"*")-MID(A49,5,FIND(".",A49,1)-5),0) -> 0 | D49: =IF(LEFT(A49,3)="Câu",VALUE(MID(A49,5,FIND(".",A49,1)-5)),"") | E49: =SUBSTITUTE(IF(LEFT(A49,3)="Câu",MID(A49,FIND(".",A49,1)+2,LEN(A49)),""),CHAR(34),CHAR(92)&CHAR(34)) | G49: =SUBSTITUTE(B50,CHAR(34),CHAR(92)&CHAR(34)) | H49: =SUBSTITUTE(B51,CHAR(34),CHAR(92)&CHAR(34)) -> Là người điều khiển phương tiện tham gia giao thông đường bộ. | I49: =SUBSTITUTE(IF(LEFT(A52,3)="Câu","",B52),CHAR(34),CHAR(92)&CHAR(34)) -> Là Cảnh sát giao thông và người được giao nhiệm vụ hướng dẫn giao thông trên đường bộ. | J49: =SUBSTITUTE(IF(OR(LEFT(A53,3)="Câu",I49=""),"",IF(B53=0,"",B53)),CHAR(34),CHAR(92)&CHAR(34)) -> Là người tham gia giao thông đường bộ. | K49: =SUBSTITUTE(SUBSTITUTE(SUBSTITUTE(SUBSTITUTE(IFERROR(VLOOKUP("Câu "&D49&".",dapan!$E:$J,6,0),""),"1","A"),"2","B"),"3","C"),"4","D") | P49: =D49 | Q49: =IF(D49="","",CHAR(123)&CHAR(34)&"num"&CHAR(34)&":"&P49&","&CHAR(34)&"id"&CHAR(34)&":"&D49&"," &CHAR(34)&"q"&CHAR(34)&":"&CHAR(34)&E49&CHAR(34)&"," &IF(F49="","",CHAR(34)&"img"&CHAR(34)&":"&CHAR(34)&F49&CHAR(34)&",") &CHAR(34)&"opts"&CHAR(34)&":"&CHAR(123)&CHAR(34)&"A"&CHAR(34)&":"&CHAR(34)&G49&CHAR(34)&","&CHAR(34)&"B"&CHAR(34)&":"&CHAR(34)&H49&CHAR(34) &IF(I49="","",","&CHAR(34)&"C"&CHAR(34)&":"&CHAR(34)&I49&CHAR(34))&IF(J49="","",","&CHAR(34)&"D"&CHAR(34)&":"&CHAR(34)&J49&CHAR(34))&CHAR(125)&"," &CHAR(34)&"answer"&CHAR(34)&":"&CHAR(34)&K49&CHAR(34) &IF(L49="","",","&CHAR(34)&"danger"&CHAR(34)&":"&CHAR(34)&"true"&CHAR(34)) &IF(M49="","",","&CHAR(34)&"explain"&CHAR(34)&":"&CHAR(34)&M49&CHAR(34)) &IF(N49="","",","&CHAR(34)&"explainImg"&CHAR(34)&":"&CHAR(34)&N49&CHAR(34)) &IF(O49="","",","&CHAR(34)&"shuffle"&CHAR(34)&":"&CHAR(34)&"false"&CHAR(34))&CHAR(125)&",") | R49: =CHAR(S49) -> 5 | S49: =S48+1 -> 53
A50: Câu 13. Người điều khiển giao thông đường bộ được hiểu như thế nào là đúng? | C50: =IFERROR(COUNTIFS($A$1:A50,"Câu "&"*")-MID(A50,5,FIND(".",A50,1)-5),0) -> 0 | D50: =IF(LEFT(A50,3)="Câu",VALUE(MID(A50,5,FIND(".",A50,1)-5)),"") -> 13 | E50: =SUBSTITUTE(IF(LEFT(A50,3)="Câu",MID(A50,FIND(".",A50,1)+2,LEN(A50)),""),CHAR(34),CHAR(92)&CHAR(34)) -> Người điều khiển giao thông đường bộ được hiểu như thế nào là đúng? | G50: =SUBSTITUTE(B51,CHAR(34),CHAR(92)&CHAR(34)) -> Là người điều khiển phương tiện tham gia giao thông đường bộ. | H50: =SUBSTITUTE(B52,CHAR(34),CHAR(92)&CHAR(34)) -> Là Cảnh sát giao thông và người được giao nhiệm vụ hướng dẫn giao thông trên đường bộ. | I50: =SUBSTITUTE(IF(LEFT(A53,3)="Câu","",B53),CHAR(34),CHAR(92)&CHAR(34)) -> Là người tham gia giao thông đường bộ. | J50: =SUBSTITUTE(IF(OR(LEFT(A54,3)="Câu",I50=""),"",IF(B54=0,"",B54)),CHAR(34),CHAR(92)&CHAR(34)) | K50: =SUBSTITUTE(SUBSTITUTE(SUBSTITUTE(SUBSTITUTE(IFERROR(VLOOKUP("Câu "&D50&".",dapan!$E:$J,6,0),""),"1","A"),"2","B"),"3","C"),"4","D") -> B | P50: =D50 -> 13 | Q50: =IF(D50="","",CHAR(123)&CHAR(34)&"num"&CHAR(34)&":"&P50&","&CHAR(34)&"id"&CHAR(34)&":"&D50&"," &CHAR(34)&"q"&CHAR(34)&":"&CHAR(34)&E50&CHAR(34)&"," &IF(F50="","",CHAR(34)&"img"&CHAR(34)&":"&CHAR(34)&F50&CHAR(34)&",") &CHAR(34)&"opts"&CHAR(34)&":"&CHAR(123)&CHAR(34)&"A"&CHAR(34)&":"&CHAR(34)&G50&CHAR(34)&","&CHAR(34)&"B"&CHAR(34)&":"&CHAR(34)&H50&CHAR(34) &IF(I50="","",","&CHAR(34)&"C"&CHAR(34)&":"&CHAR(34)&I50&CHAR(34))&IF(J50="","",","&CHAR(34)&"D"&CHAR(34)&":"&CHAR(34)&J50&CHAR(34))&CHAR(125)&"," &CHAR(34)&"answer"&CHAR(34)&":"&CHAR(34)&K50&CHAR(34) &IF(L50="","",","&CHAR(34)&"danger"&CHAR(34)&":"&CHAR(34)&"true"&CHAR(34)) &IF(M50="","",","&CHAR(34)&"explain"&CHAR(34)&":"&CHAR(34)&M50&CHAR(34)) &IF(N50="","",","&CHAR(34)&"explainImg"&CHAR(34)&":"&CHAR(34)&N50&CHAR(34)) &IF(O50="","",","&CHAR(34)&"shuffle"&CHAR(34)&":"&CHAR(34)&"false"&CHAR(34))&CHAR(125)&",") -> {"num":13,"id":13,"q":"Người điều khiển giao thông đường bộ được hiểu như thế nào là đúng?","opts":{"A":"Là người điều khiển phương tiện tham gia giao thông đường bộ.","B":" Là Cảnh sát giao thông và người được giao nhiệm vụ hướng dẫn giao thông trên đường bộ.","C":"Là người tham gia giao thông đường bộ."},"answer":"B"}, | R50: =CHAR(S50) -> 6 | S50: =S49+1 -> 54
A51: 1 | B51: Là người điều khiển phương tiện tham gia giao thông đường bộ. | C51: =IFERROR(COUNTIFS($A$1:A51,"Câu "&"*")-MID(A51,5,FIND(".",A51,1)-5),0) -> 0 | D51: =IF(LEFT(A51,3)="Câu",VALUE(MID(A51,5,FIND(".",A51,1)-5)),"") | E51: =SUBSTITUTE(IF(LEFT(A51,3)="Câu",MID(A51,FIND(".",A51,1)+2,LEN(A51)),""),CHAR(34),CHAR(92)&CHAR(34)) | G51: =SUBSTITUTE(B52,CHAR(34),CHAR(92)&CHAR(34)) -> Là Cảnh sát giao thông và người được giao nhiệm vụ hướng dẫn giao thông trên đường bộ. | H51: =SUBSTITUTE(B53,CHAR(34),CHAR(92)&CHAR(34)) -> Là người tham gia giao thông đường bộ. | I51: =SUBSTITUTE(IF(LEFT(A54,3)="Câu","",B54),CHAR(34),CHAR(92)&CHAR(34)) | J51: =SUBSTITUTE(IF(OR(LEFT(A55,3)="Câu",I51=""),"",IF(B55=0,"",B55)),CHAR(34),CHAR(92)&CHAR(34)) | K51: =SUBSTITUTE(SUBSTITUTE(SUBSTITUTE(SUBSTITUTE(IFERROR(VLOOKUP("Câu "&D51&".",dapan!$E:$J,6,0),""),"1","A"),"2","B"),"3","C"),"4","D") | P51: =D51 | Q51: =IF(D51="","",CHAR(123)&CHAR(34)&"num"&CHAR(34)&":"&P51&","&CHAR(34)&"id"&CHAR(34)&":"&D51&"," &CHAR(34)&"q"&CHAR(34)&":"&CHAR(34)&E51&CHAR(34)&"," &IF(F51="","",CHAR(34)&"img"&CHAR(34)&":"&CHAR(34)&F51&CHAR(34)&",") &CHAR(34)&"opts"&CHAR(34)&":"&CHAR(123)&CHAR(34)&"A"&CHAR(34)&":"&CHAR(34)&G51&CHAR(34)&","&CHAR(34)&"B"&CHAR(34)&":"&CHAR(34)&H51&CHAR(34) &IF(I51="","",","&CHAR(34)&"C"&CHAR(34)&":"&CHAR(34)&I51&CHAR(34))&IF(J51="","",","&CHAR(34)&"D"&CHAR(34)&":"&CHAR(34)&J51&CHAR(34))&CHAR(125)&"," &CHAR(34)&"answer"&CHAR(34)&":"&CHAR(34)&K51&CHAR(34) &IF(L51="","",","&CHAR(34)&"danger"&CHAR(34)&":"&CHAR(34)&"true"&CHAR(34)) &IF(M51="","",","&CHAR(34)&"explain"&CHAR(34)&":"&CHAR(34)&M51&CHAR(34)) &IF(N51="","",","&CHAR(34)&"explainImg"&CHAR(34)&":"&CHAR(34)&N51&CHAR(34)) &IF(O51="","",","&CHAR(34)&"shuffle"&CHAR(34)&":"&CHAR(34)&"false"&CHAR(34))&CHAR(125)&",") | R51: =CHAR(S51) -> 7 | S51: =S50+1 -> 55
A52: 2 | B52: Là Cảnh sát giao thông và người được giao nhiệm vụ hướng dẫn giao thông trên đường bộ. | C52: =IFERROR(COUNTIFS($A$1:A52,"Câu "&"*")-MID(A52,5,FIND(".",A52,1)-5),0) -> 0 | D52: =IF(LEFT(A52,3)="Câu",VALUE(MID(A52,5,FIND(".",A52,1)-5)),"") | E52: =SUBSTITUTE(IF(LEFT(A52,3)="Câu",MID(A52,FIND(".",A52,1)+2,LEN(A52)),""),CHAR(34),CHAR(92)&CHAR(34)) | G52: =SUBSTITUTE(B53,CHAR(34),CHAR(92)&CHAR(34)) -> Là người tham gia giao thông đường bộ. | H52: =SUBSTITUTE(B54,CHAR(34),CHAR(92)&CHAR(34)) | I52: =SUBSTITUTE(IF(LEFT(A55,3)="Câu","",B55),CHAR(34),CHAR(92)&CHAR(34)) -> Là trạng thái đứng yên của xe không giới hạn thời gian để cho người lên, xuống xe, xếp dỡ hàng hóa hoặc thực hiện công việc khác. | J52: =SUBSTITUTE(IF(OR(LEFT(A56,3)="Câu",I52=""),"",IF(B56=0,"",B56)),CHAR(34),CHAR(92)&CHAR(34)) -> Là trạng thái đứng yên tạm thời của xe trong một khoảng thời gian cần thiết đủ để cho người lên xe, xuống xe, xếp dỡ hàng hóa, kiểm tra kỹ thuật xe hoặc hoạt động khác. Khi dừng xe không được tắt máy và không được rời khỏi vị trí lái, trừ trường hợp rời khỏi vị trí lái để đóng, mở cửa xe, xếp dỡ hàng hóa, kiểm tra kỹ thuật xe nhưng phải sử dụng phanh đỗ xe hoặc thực hiện biện pháp an toàn khác. | K52: =SUBSTITUTE(SUBSTITUTE(SUBSTITUTE(SUBSTITUTE(IFERROR(VLOOKUP("Câu "&D52&".",dapan!$E:$J,6,0),""),"1","A"),"2","B"),"3","C"),"4","D") | P52: =D52 | Q52: =IF(D52="","",CHAR(123)&CHAR(34)&"num"&CHAR(34)&":"&P52&","&CHAR(34)&"id"&CHAR(34)&":"&D52&"," &CHAR(34)&"q"&CHAR(34)&":"&CHAR(34)&E52&CHAR(34)&"," &IF(F52="","",CHAR(34)&"img"&CHAR(34)&":"&CHAR(34)&F52&CHAR(34)&",") &CHAR(34)&"opts"&CHAR(34)&":"&CHAR(123)&CHAR(34)&"A"&CHAR(34)&":"&CHAR(34)&G52&CHAR(34)&","&CHAR(34)&"B"&CHAR(34)&":"&CHAR(34)&H52&CHAR(34) &IF(I52="","",","&CHAR(34)&"C"&CHAR(34)&":"&CHAR(34)&I52&CHAR(34))&IF(J52="","",","&CHAR(34)&"D"&CHAR(34)&":"&CHAR(34)&J52&CHAR(34))&CHAR(125)&"," &CHAR(34)&"answer"&CHAR(34)&":"&CHAR(34)&K52&CHAR(34) &IF(L52="","",","&CHAR(34)&"danger"&CHAR(34)&":"&CHAR(34)&"true"&CHAR(34)) &IF(M52="","",","&CHAR(34)&"explain"&CHAR(34)&":"&CHAR(34)&M52&CHAR(34)) &IF(N52="","",","&CHAR(34)&"explainImg"&CHAR(34)&":"&CHAR(34)&N52&CHAR(34)) &IF(O52="","",","&CHAR(34)&"shuffle"&CHAR(34)&":"&CHAR(34)&"false"&CHAR(34))&CHAR(125)&",") | R52: =CHAR(S52) -> 8 | S52: =S51+1 -> 56
A53: 3 | B53: Là người tham gia giao thông đường bộ. | C53: =IFERROR(COUNTIFS($A$1:A53,"Câu "&"*")-MID(A53,5,FIND(".",A53,1)-5),0) -> 0 | D53: =IF(LEFT(A53,3)="Câu",VALUE(MID(A53,5,FIND(".",A53,1)-5)),"") | E53: =SUBSTITUTE(IF(LEFT(A53,3)="Câu",MID(A53,FIND(".",A53,1)+2,LEN(A53)),""),CHAR(34),CHAR(92)&CHAR(34)) | G53: =SUBSTITUTE(B54,CHAR(34),CHAR(92)&CHAR(34)) | H53: =SUBSTITUTE(B55,CHAR(34),CHAR(92)&CHAR(34)) -> Là trạng thái đứng yên của xe không giới hạn thời gian để cho người lên, xuống xe, xếp dỡ hàng hóa hoặc thực hiện công việc khác. | I53: =SUBSTITUTE(IF(LEFT(A56,3)="Câu","",B56),CHAR(34),CHAR(92)&CHAR(34)) -> Là trạng thái đứng yên tạm thời của xe trong một khoảng thời gian cần thiết đủ để cho người lên xe, xuống xe, xếp dỡ hàng hóa, kiểm tra kỹ thuật xe hoặc hoạt động khác. Khi dừng xe không được tắt máy và không được rời khỏi vị trí lái, trừ trường hợp rời khỏi vị trí lái để đóng, mở cửa xe, xếp dỡ hàng hóa, kiểm tra kỹ thuật xe nhưng phải sử dụng phanh đỗ xe hoặc thực hiện biện pháp an toàn khác. | J53: =SUBSTITUTE(IF(OR(LEFT(A57,3)="Câu",I53=""),"",IF(B57=0,"",B57)),CHAR(34),CHAR(92)&CHAR(34)) -> Là trạng thái đứng yên của xe không giới hạn thời gian giữa 02 lần vận chuyển hàng hóa hoặc hành khách. | K53: =SUBSTITUTE(SUBSTITUTE(SUBSTITUTE(SUBSTITUTE(IFERROR(VLOOKUP("Câu "&D53&".",dapan!$E:$J,6,0),""),"1","A"),"2","B"),"3","C"),"4","D") | P53: =D53 | Q53: =IF(D53="","",CHAR(123)&CHAR(34)&"num"&CHAR(34)&":"&P53&","&CHAR(34)&"id"&CHAR(34)&":"&D53&"," &CHAR(34)&"q"&CHAR(34)&":"&CHAR(34)&E53&CHAR(34)&"," &IF(F53="","",CHAR(34)&"img"&CHAR(34)&":"&CHAR(34)&F53&CHAR(34)&",") &CHAR(34)&"opts"&CHAR(34)&":"&CHAR(123)&CHAR(34)&"A"&CHAR(34)&":"&CHAR(34)&G53&CHAR(34)&","&CHAR(34)&"B"&CHAR(34)&":"&CHAR(34)&H53&CHAR(34) &IF(I53="","",","&CHAR(34)&"C"&CHAR(34)&":"&CHAR(34)&I53&CHAR(34))&IF(J53="","",","&CHAR(34)&"D"&CHAR(34)&":"&CHAR(34)&J53&CHAR(34))&CHAR(125)&"," &CHAR(34)&"answer"&CHAR(34)&":"&CHAR(34)&K53&CHAR(34) &IF(L53="","",","&CHAR(34)&"danger"&CHAR(34)&":"&CHAR(34)&"true"&CHAR(34)) &IF(M53="","",","&CHAR(34)&"explain"&CHAR(34)&":"&CHAR(34)&M53&CHAR(34)) &IF(N53="","",","&CHAR(34)&"explainImg"&CHAR(34)&":"&CHAR(34)&N53&CHAR(34)) &IF(O53="","",","&CHAR(34)&"shuffle"&CHAR(34)&":"&CHAR(34)&"false"&CHAR(34))&CHAR(125)&",") | R53: =CHAR(S53) -> 9 | S53: =S52+1 -> 57
A54: Câu 14. Dừng xe được hiểu như thế nào là đúng? | C54: =IFERROR(COUNTIFS($A$1:A54,"Câu "&"*")-MID(A54,5,FIND(".",A54,1)-5),0) -> 0 | D54: =IF(LEFT(A54,3)="Câu",VALUE(MID(A54,5,FIND(".",A54,1)-5)),"") -> 14 | E54: =SUBSTITUTE(IF(LEFT(A54,3)="Câu",MID(A54,FIND(".",A54,1)+2,LEN(A54)),""),CHAR(34),CHAR(92)&CHAR(34)) -> Dừng xe được hiểu như thế nào là đúng? | G54: =SUBSTITUTE(B55,CHAR(34),CHAR(92)&CHAR(34)) -> Là trạng thái đứng yên của xe không giới hạn thời gian để cho người lên, xuống xe, xếp dỡ hàng hóa hoặc thực hiện công việc khác. | H54: =SUBSTITUTE(B56,CHAR(34),CHAR(92)&CHAR(34)) -> Là trạng thái đứng yên tạm thời của xe trong một khoảng thời gian cần thiết đủ để cho người lên xe, xuống xe, xếp dỡ hàng hóa, kiểm tra kỹ thuật xe hoặc hoạt động khác. Khi dừng xe không được tắt máy và không được rời khỏi vị trí lái, trừ trường hợp rời khỏi vị trí lái để đóng, mở cửa xe, xếp dỡ hàng hóa, kiểm tra kỹ thuật xe nhưng phải sử dụng phanh đỗ xe hoặc thực hiện biện pháp an toàn khác. | I54: =SUBSTITUTE(IF(LEFT(A57,3)="Câu","",B57),CHAR(34),CHAR(92)&CHAR(34)) -> Là trạng thái đứng yên của xe không giới hạn thời gian giữa 02 lần vận chuyển hàng hóa hoặc hành khách. | J54: =SUBSTITUTE(IF(OR(LEFT(A58,3)="Câu",I54=""),"",IF(B58=0,"",B58)),CHAR(34),CHAR(92)&CHAR(34)) | K54: =SUBSTITUTE(SUBSTITUTE(SUBSTITUTE(SUBSTITUTE(IFERROR(VLOOKUP("Câu "&D54&".",dapan!$E:$J,6,0),""),"1","A"),"2","B"),"3","C"),"4","D") -> B | P54: =D54 -> 14 | Q54: =IF(D54="","",CHAR(123)&CHAR(34)&"num"&CHAR(34)&":"&P54&","&CHAR(34)&"id"&CHAR(34)&":"&D54&"," &CHAR(34)&"q"&CHAR(34)&":"&CHAR(34)&E54&CHAR(34)&"," &IF(F54="","",CHAR(34)&"img"&CHAR(34)&":"&CHAR(34)&F54&CHAR(34)&",") &CHAR(34)&"opts"&CHAR(34)&":"&CHAR(123)&CHAR(34)&"A"&CHAR(34)&":"&CHAR(34)&G54&CHAR(34)&","&CHAR(34)&"B"&CHAR(34)&":"&CHAR(34)&H54&CHAR(34) &IF(I54="","",","&CHAR(34)&"C"&CHAR(34)&":"&CHAR(34)&I54&CHAR(34))&IF(J54="","",","&CHAR(34)&"D"&CHAR(34)&":"&CHAR(34)&J54&CHAR(34))&CHAR(125)&"," &CHAR(34)&"answer"&CHAR(34)&":"&CHAR(34)&K54&CHAR(34) &IF(L54="","",","&CHAR(34)&"danger"&CHAR(34)&":"&CHAR(34)&"true"&CHAR(34)) &IF(M54="","",","&CHAR(34)&"explain"&CHAR(34)&":"&CHAR(34)&M54&CHAR(34)) &IF(N54="","",","&CHAR(34)&"explainImg"&CHAR(34)&":"&CHAR(34)&N54&CHAR(34)) &IF(O54="","",","&CHAR(34)&"shuffle"&CHAR(34)&":"&CHAR(34)&"false"&CHAR(34))&CHAR(125)&",") -> {"num":14,"id":14,"q":"Dừng xe được hiểu như thế nào là đúng?","opts":{"A":"Là trạng thái đứng yên của xe không giới hạn thời gian để cho người lên, xuống xe, xếp dỡ hàng hóa hoặc thực hiện công việc khác.","B":" Là trạng thái đứng yên tạm thời của xe trong một khoảng thời gian cần thiết đủ để cho người lên xe, xuống xe, xếp dỡ hàng hóa, kiểm tra kỹ thuật xe hoặc hoạt động khác. Khi dừng xe không được tắt máy và không được rời khỏi vị trí lái, trừ trường hợp rời khỏi vị trí lái để đóng, mở cửa xe, xếp dỡ hàng hóa, kiểm tra kỹ thuật xe nhưng phải sử dụng phanh đỗ xe hoặc thực hiện biện pháp an toàn khác.","C":"Là trạng thái đứng yên của xe không giới hạn thời gian giữa 02 lần vận chuyển hàng hóa hoặc hành khách."},"answer":"B"}, | R54: =CHAR(S54) -> : | S54: =S53+1 -> 58
A55: 1 | B55: Là trạng thái đứng yên của xe không giới hạn thời gian để cho người lên, xuống xe, xếp dỡ hàng hóa hoặc thực hiện công việc khác. | C55: =IFERROR(COUNTIFS($A$1:A55,"Câu "&"*")-MID(A55,5,FIND(".",A55,1)-5),0) -> 0 | D55: =IF(LEFT(A55,3)="Câu",VALUE(MID(A55,5,FIND(".",A55,1)-5)),"") | E55: =SUBSTITUTE(IF(LEFT(A55,3)="Câu",MID(A55,FIND(".",A55,1)+2,LEN(A55)),""),CHAR(34),CHAR(92)&CHAR(34)) | G55: =SUBSTITUTE(B56,CHAR(34),CHAR(92)&CHAR(34)) -> Là trạng thái đứng yên tạm thời của xe trong một khoảng thời gian cần thiết đủ để cho người lên xe, xuống xe, xếp dỡ hàng hóa, kiểm tra kỹ thuật xe hoặc hoạt động khác. Khi dừng xe không được tắt máy và không được rời khỏi vị trí lái, trừ trường hợp rời khỏi vị trí lái để đóng, mở cửa xe, xếp dỡ hàng hóa, kiểm tra kỹ thuật xe nhưng phải sử dụng phanh đỗ xe hoặc thực hiện biện pháp an toàn khác. | H55: =SUBSTITUTE(B57,CHAR(34),CHAR(92)&CHAR(34)) -> Là trạng thái đứng yên của xe không giới hạn thời gian giữa 02 lần vận chuyển hàng hóa hoặc hành khách. | I55: =SUBSTITUTE(IF(LEFT(A58,3)="Câu","",B58),CHAR(34),CHAR(92)&CHAR(34)) | J55: =SUBSTITUTE(IF(OR(LEFT(A59,3)="Câu",I55=""),"",IF(B59=0,"",B59)),CHAR(34),CHAR(92)&CHAR(34)) | K55: =SUBSTITUTE(SUBSTITUTE(SUBSTITUTE(SUBSTITUTE(IFERROR(VLOOKUP("Câu "&D55&".",dapan!$E:$J,6,0),""),"1","A"),"2","B"),"3","C"),"4","D") | P55: =D55 | Q55: =IF(D55="","",CHAR(123)&CHAR(34)&"num"&CHAR(34)&":"&P55&","&CHAR(34)&"id"&CHAR(34)&":"&D55&"," &CHAR(34)&"q"&CHAR(34)&":"&CHAR(34)&E55&CHAR(34)&"," &IF(F55="","",CHAR(34)&"img"&CHAR(34)&":"&CHAR(34)&F55&CHAR(34)&",") &CHAR(34)&"opts"&CHAR(34)&":"&CHAR(123)&CHAR(34)&"A"&CHAR(34)&":"&CHAR(34)&G55&CHAR(34)&","&CHAR(34)&"B"&CHAR(34)&":"&CHAR(34)&H55&CHAR(34) &IF(I55="","",","&CHAR(34)&"C"&CHAR(34)&":"&CHAR(34)&I55&CHAR(34))&IF(J55="","",","&CHAR(34)&"D"&CHAR(34)&":"&CHAR(34)&J55&CHAR(34))&CHAR(125)&"," &CHAR(34)&"answer"&CHAR(34)&":"&CHAR(34)&K55&CHAR(34) &IF(L55="","",","&CHAR(34)&"danger"&CHAR(34)&":"&CHAR(34)&"true"&CHAR(34)) &IF(M55="","",","&CHAR(34)&"explain"&CHAR(34)&":"&CHAR(34)&M55&CHAR(34)) &IF(N55="","",","&CHAR(34)&"explainImg"&CHAR(34)&":"&CHAR(34)&N55&CHAR(34)) &IF(O55="","",","&CHAR(34)&"shuffle"&CHAR(34)&":"&CHAR(34)&"false"&CHAR(34))&CHAR(125)&",") | R55: =CHAR(S55) -> ; | S55: =S54+1 -> 59
A56: 2 | B56: Là trạng thái đứng yên tạm thời của xe trong một khoảng thời gian cần thiết đủ để cho người lên xe, xuống xe, xếp dỡ hàng hóa, kiểm tra kỹ thuật xe hoặc hoạt động khác. Khi dừng xe không được tắt máy và không được rời khỏi vị trí lái, trừ trường hợp rời khỏi vị trí lái để đóng, mở cửa xe, xếp dỡ hàng hóa, kiểm tra kỹ thuật xe nhưng phải sử dụng phanh đỗ xe hoặc thực hiện biện pháp an toàn khác. | C56: =IFERROR(COUNTIFS($A$1:A56,"Câu "&"*")-MID(A56,5,FIND(".",A56,1)-5),0) -> 0 | D56: =IF(LEFT(A56,3)="Câu",VALUE(MID(A56,5,FIND(".",A56,1)-5)),"") | E56: =SUBSTITUTE(IF(LEFT(A56,3)="Câu",MID(A56,FIND(".",A56,1)+2,LEN(A56)),""),CHAR(34),CHAR(92)&CHAR(34)) | G56: =SUBSTITUTE(B57,CHAR(34),CHAR(92)&CHAR(34)) -> Là trạng thái đứng yên của xe không giới hạn thời gian giữa 02 lần vận chuyển hàng hóa hoặc hành khách. | H56: =SUBSTITUTE(B58,CHAR(34),CHAR(92)&CHAR(34)) | I56: =SUBSTITUTE(IF(LEFT(A59,3)="Câu","",B59),CHAR(34),CHAR(92)&CHAR(34)) -> Là trạng thái đứng yên của xe có giới hạn thời gian trong một khoảng thời gian cần thiết đủ để cho người lên, xuống xe đó, xếp dỡ hàng hóa hoặc thực hiện công việc khác. | J56: =SUBSTITUTE(IF(OR(LEFT(A60,3)="Câu",I56=""),"",IF(B60=0,"",B60)),CHAR(34),CHAR(92)&CHAR(34)) -> Là trạng thái đứng yên của xe không giới hạn thời gian. Khi đỗ xe, người điều khiển phương tiện tham gia giao thông đường bộ chỉ được rời khỏi xe khi đã sử dụng phanh đỗ xe hoặc thực hiện biện pháp an toàn khác. Xe đỗ trên đoạn đường dốc phải đánh lái về phía lề đường, chèn bánh. | K56: =SUBSTITUTE(SUBSTITUTE(SUBSTITUTE(SUBSTITUTE(IFERROR(VLOOKUP("Câu "&D56&".",dapan!$E:$J,6,0),""),"1","A"),"2","B"),"3","C"),"4","D") | P56: =D56 | Q56: =IF(D56="","",CHAR(123)&CHAR(34)&"num"&CHAR(34)&":"&P56&","&CHAR(34)&"id"&CHAR(34)&":"&D56&"," &CHAR(34)&"q"&CHAR(34)&":"&CHAR(34)&E56&CHAR(34)&"," &IF(F56="","",CHAR(34)&"img"&CHAR(34)&":"&CHAR(34)&F56&CHAR(34)&",") &CHAR(34)&"opts"&CHAR(34)&":"&CHAR(123)&CHAR(34)&"A"&CHAR(34)&":"&CHAR(34)&G56&CHAR(34)&","&CHAR(34)&"B"&CHAR(34)&":"&CHAR(34)&H56&CHAR(34) &IF(I56="","",","&CHAR(34)&"C"&CHAR(34)&":"&CHAR(34)&I56&CHAR(34))&IF(J56="","",","&CHAR(34)&"D"&CHAR(34)&":"&CHAR(34)&J56&CHAR(34))&CHAR(125)&"," &CHAR(34)&"answer"&CHAR(34)&":"&CHAR(34)&K56&CHAR(34) &IF(L56="","",","&CHAR(34)&"danger"&CHAR(34)&":"&CHAR(34)&"true"&CHAR(34)) &IF(M56="","",","&CHAR(34)&"explain"&CHAR(34)&":"&CHAR(34)&M56&CHAR(34)) &IF(N56="","",","&CHAR(34)&"explainImg"&CHAR(34)&":"&CHAR(34)&N56&CHAR(34)) &IF(O56="","",","&CHAR(34)&"shuffle"&CHAR(34)&":"&CHAR(34)&"false"&CHAR(34))&CHAR(125)&",") | R56: =CHAR(S56) -> < | S56: =S55+1 -> 60
A57: 3 | B57: Là trạng thái đứng yên của xe không giới hạn thời gian giữa 02 lần vận chuyển hàng hóa hoặc hành khách. | C57: =IFERROR(COUNTIFS($A$1:A57,"Câu "&"*")-MID(A57,5,FIND(".",A57,1)-5),0) -> 0 | D57: =IF(LEFT(A57,3)="Câu",VALUE(MID(A57,5,FIND(".",A57,1)-5)),"") | E57: =SUBSTITUTE(IF(LEFT(A57,3)="Câu",MID(A57,FIND(".",A57,1)+2,LEN(A57)),""),CHAR(34),CHAR(92)&CHAR(34)) | G57: =SUBSTITUTE(B58,CHAR(34),CHAR(92)&CHAR(34)) | H57: =SUBSTITUTE(B59,CHAR(34),CHAR(92)&CHAR(34)) -> Là trạng thái đứng yên của xe có giới hạn thời gian trong một khoảng thời gian cần thiết đủ để cho người lên, xuống xe đó, xếp dỡ hàng hóa hoặc thực hiện công việc khác. | I57: =SUBSTITUTE(IF(LEFT(A60,3)="Câu","",B60),CHAR(34),CHAR(92)&CHAR(34)) -> Là trạng thái đứng yên của xe không giới hạn thời gian. Khi đỗ xe, người điều khiển phương tiện tham gia giao thông đường bộ chỉ được rời khỏi xe khi đã sử dụng phanh đỗ xe hoặc thực hiện biện pháp an toàn khác. Xe đỗ trên đoạn đường dốc phải đánh lái về phía lề đường, chèn bánh. | J57: =SUBSTITUTE(IF(OR(LEFT(A61,3)="Câu",I57=""),"",IF(B61=0,"",B61)),CHAR(34),CHAR(92)&CHAR(34)) | K57: =SUBSTITUTE(SUBSTITUTE(SUBSTITUTE(SUBSTITUTE(IFERROR(VLOOKUP("Câu "&D57&".",dapan!$E:$J,6,0),""),"1","A"),"2","B"),"3","C"),"4","D") | P57: =D57 | Q57: =IF(D57="","",CHAR(123)&CHAR(34)&"num"&CHAR(34)&":"&P57&","&CHAR(34)&"id"&CHAR(34)&":"&D57&"," &CHAR(34)&"q"&CHAR(34)&":"&CHAR(34)&E57&CHAR(34)&"," &IF(F57="","",CHAR(34)&"img"&CHAR(34)&":"&CHAR(34)&F57&CHAR(34)&",") &CHAR(34)&"opts"&CHAR(34)&":"&CHAR(123)&CHAR(34)&"A"&CHAR(34)&":"&CHAR(34)&G57&CHAR(34)&","&CHAR(34)&"B"&CHAR(34)&":"&CHAR(34)&H57&CHAR(34) &IF(I57="","",","&CHAR(34)&"C"&CHAR(34)&":"&CHAR(34)&I57&CHAR(34))&IF(J57="","",","&CHAR(34)&"D"&CHAR(34)&":"&CHAR(34)&J57&CHAR(34))&CHAR(125)&"," &CHAR(34)&"answer"&CHAR(34)&":"&CHAR(34)&K57&CHAR(34) &IF(L57="","",","&CHAR(34)&"danger"&CHAR(34)&":"&CHAR(34)&"true"&CHAR(34)) &IF(M57="","",","&CHAR(34)&"explain"&CHAR(34)&":"&CHAR(34)&M57&CHAR(34)) &IF(N57="","",","&CHAR(34)&"explainImg"&CHAR(34)&":"&CHAR(34)&N57&CHAR(34)) &IF(O57="","",","&CHAR(34)&"shuffle"&CHAR(34)&":"&CHAR(34)&"false"&CHAR(34))&CHAR(125)&",") | R57: =CHAR(S57) -> = | S57: =S56+1 -> 61
A58: Câu 15. Đỗ xe được hiểu như thế nào là đúng? | C58: =IFERROR(COUNTIFS($A$1:A58,"Câu "&"*")-MID(A58,5,FIND(".",A58,1)-5),0) -> 0 | D58: =IF(LEFT(A58,3)="Câu",VALUE(MID(A58,5,FIND(".",A58,1)-5)),"") -> 15 | E58: =SUBSTITUTE(IF(LEFT(A58,3)="Câu",MID(A58,FIND(".",A58,1)+2,LEN(A58)),""),CHAR(34),CHAR(92)&CHAR(34)) -> Đỗ xe được hiểu như thế nào là đúng? | G58: =SUBSTITUTE(B59,CHAR(34),CHAR(92)&CHAR(34)) -> Là trạng thái đứng yên của xe có giới hạn thời gian trong một khoảng thời gian cần thiết đủ để cho người lên, xuống xe đó, xếp dỡ hàng hóa hoặc thực hiện công việc khác. | H58: =SUBSTITUTE(B60,CHAR(34),CHAR(92)&CHAR(34)) -> Là trạng thái đứng yên của xe không giới hạn thời gian. Khi đỗ xe, người điều khiển phương tiện tham gia giao thông đường bộ chỉ được rời khỏi xe khi đã sử dụng phanh đỗ xe hoặc thực hiện biện pháp an toàn khác. Xe đỗ trên đoạn đường dốc phải đánh lái về phía lề đường, chèn bánh. | I58: =SUBSTITUTE(IF(LEFT(A61,3)="Câu","",B61),CHAR(34),CHAR(92)&CHAR(34)) | J58: =SUBSTITUTE(IF(OR(LEFT(A62,3)="Câu",I58=""),"",IF(B62=0,"",B62)),CHAR(34),CHAR(92)&CHAR(34)) | K58: =SUBSTITUTE(SUBSTITUTE(SUBSTITUTE(SUBSTITUTE(IFERROR(VLOOKUP("Câu "&D58&".",dapan!$E:$J,6,0),""),"1","A"),"2","B"),"3","C"),"4","D") -> B | P58: =D58 -> 15 | Q58: =IF(D58="","",CHAR(123)&CHAR(34)&"num"&CHAR(34)&":"&P58&","&CHAR(34)&"id"&CHAR(34)&":"&D58&"," &CHAR(34)&"q"&CHAR(34)&":"&CHAR(34)&E58&CHAR(34)&"," &IF(F58="","",CHAR(34)&"img"&CHAR(34)&":"&CHAR(34)&F58&CHAR(34)&",") &CHAR(34)&"opts"&CHAR(34)&":"&CHAR(123)&CHAR(34)&"A"&CHAR(34)&":"&CHAR(34)&G58&CHAR(34)&","&CHAR(34)&"B"&CHAR(34)&":"&CHAR(34)&H58&CHAR(34) &IF(I58="","",","&CHAR(34)&"C"&CHAR(34)&":"&CHAR(34)&I58&CHAR(34))&IF(J58="","",","&CHAR(34)&"D"&CHAR(34)&":"&CHAR(34)&J58&CHAR(34))&CHAR(125)&"," &CHAR(34)&"answer"&CHAR(34)&":"&CHAR(34)&K58&CHAR(34) &IF(L58="","",","&CHAR(34)&"danger"&CHAR(34)&":"&CHAR(34)&"true"&CHAR(34)) &IF(M58="","",","&CHAR(34)&"explain"&CHAR(34)&":"&CHAR(34)&M58&CHAR(34)) &IF(N58="","",","&CHAR(34)&"explainImg"&CHAR(34)&":"&CHAR(34)&N58&CHAR(34)) &IF(O58="","",","&CHAR(34)&"shuffle"&CHAR(34)&":"&CHAR(34)&"false"&CHAR(34))&CHAR(125)&",") -> {"num":15,"id":15,"q":"Đỗ xe được hiểu như thế nào là đúng?","opts":{"A":"Là trạng thái đứng yên của xe có giới hạn thời gian trong một khoảng thời gian cần thiết đủ để cho người lên, xuống xe đó, xếp dỡ hàng hóa hoặc thực hiện công việc khác.","B":" Là trạng thái đứng yên của xe không giới hạn thời gian. Khi đỗ xe, người điều khiển phương tiện tham gia giao thông đường bộ chỉ được rời khỏi xe khi đã sử dụng phanh đỗ xe hoặc thực hiện biện pháp an toàn khác. Xe đỗ trên đoạn đường dốc phải đánh lái về phía lề đường, chèn bánh."},"answer":"B"}, | R58: =CHAR(S58) -> > | S58: =S57+1 -> 62
A59: 1 | B59: Là trạng thái đứng yên của xe có giới hạn thời gian trong một khoảng thời gian cần thiết đủ để cho người lên, xuống xe đó, xếp dỡ hàng hóa hoặc thực hiện công việc khác. | C59: =IFERROR(COUNTIFS($A$1:A59,"Câu "&"*")-MID(A59,5,FIND(".",A59,1)-5),0) -> 0 | D59: =IF(LEFT(A59,3)="Câu",VALUE(MID(A59,5,FIND(".",A59,1)-5)),"") | E59: =SUBSTITUTE(IF(LEFT(A59,3)="Câu",MID(A59,FIND(".",A59,1)+2,LEN(A59)),""),CHAR(34),CHAR(92)&CHAR(34)) | G59: =SUBSTITUTE(B60,CHAR(34),CHAR(92)&CHAR(34)) -> Là trạng thái đứng yên của xe không giới hạn thời gian. Khi đỗ xe, người điều khiển phương tiện tham gia giao thông đường bộ chỉ được rời khỏi xe khi đã sử dụng phanh đỗ xe hoặc thực hiện biện pháp an toàn khác. Xe đỗ trên đoạn đường dốc phải đánh lái về phía lề đường, chèn bánh. | H59: =SUBSTITUTE(B61,CHAR(34),CHAR(92)&CHAR(34)) | I59: =SUBSTITUTE(IF(LEFT(A62,3)="Câu","",B62),CHAR(34),CHAR(92)&CHAR(34)) -> Là một cấp kỹ thuật của đường bộ, chỉ dành cho một số loại xe cơ giới, xe máy chuyên dùng tham gia giao thông theo quy định của pháp luật. Có dải phân cách phân chia hai chiều xe chạy riêng biệt, không giao nhau cùng mức với một hoặc các đường khác, chỉ cho xe ra, vào ở những điểm nhất định. Có hàng rào bảo vệ, trang thiết bị phục vụ, bảo đảm giao thông liên tục, an toàn, rút ngắn thời gian hành trình. | J59: =SUBSTITUTE(IF(OR(LEFT(A63,3)="Câu",I59=""),"",IF(B63=0,"",B63)),CHAR(34),CHAR(92)&CHAR(34)) -> Là đường nối liền Thủ đô Hà Nội với trung tâm hành chính cấp tỉnh; đường nối liền các trung tâm hành chính cấp tỉnh; đường có vị trí quan trọng đối với sự phát triển kinh tế- xã hội, bảo đảm quốc phòng, an ninh của vùng, khu vực. | K59: =SUBSTITUTE(SUBSTITUTE(SUBSTITUTE(SUBSTITUTE(IFERROR(VLOOKUP("Câu "&D59&".",dapan!$E:$J,6,0),""),"1","A"),"2","B"),"3","C"),"4","D") | P59: =D59 | Q59: =IF(D59="","",CHAR(123)&CHAR(34)&"num"&CHAR(34)&":"&P59&","&CHAR(34)&"id"&CHAR(34)&":"&D59&"," &CHAR(34)&"q"&CHAR(34)&":"&CHAR(34)&E59&CHAR(34)&"," &IF(F59="","",CHAR(34)&"img"&CHAR(34)&":"&CHAR(34)&F59&CHAR(34)&",") &CHAR(34)&"opts"&CHAR(34)&":"&CHAR(123)&CHAR(34)&"A"&CHAR(34)&":"&CHAR(34)&G59&CHAR(34)&","&CHAR(34)&"B"&CHAR(34)&":"&CHAR(34)&H59&CHAR(34) &IF(I59="","",","&CHAR(34)&"C"&CHAR(34)&":"&CHAR(34)&I59&CHAR(34))&IF(J59="","",","&CHAR(34)&"D"&CHAR(34)&":"&CHAR(34)&J59&CHAR(34))&CHAR(125)&"," &CHAR(34)&"answer"&CHAR(34)&":"&CHAR(34)&K59&CHAR(34) &IF(L59="","",","&CHAR(34)&"danger"&CHAR(34)&":"&CHAR(34)&"true"&CHAR(34)) &IF(M59="","",","&CHAR(34)&"explain"&CHAR(34)&":"&CHAR(34)&M59&CHAR(34)) &IF(N59="","",","&CHAR(34)&"explainImg"&CHAR(34)&":"&CHAR(34)&N59&CHAR(34)) &IF(O59="","",","&CHAR(34)&"shuffle"&CHAR(34)&":"&CHAR(34)&"false"&CHAR(34))&CHAR(125)&",") | R59: =CHAR(S59) -> ? | S59: =S58+1 -> 63
A60: 2 | B60: Là trạng thái đứng yên của xe không giới hạn thời gian. Khi đỗ xe, người điều khiển phương tiện tham gia giao thông đường bộ chỉ được rời khỏi xe khi đã sử dụng phanh đỗ xe hoặc thực hiện biện pháp an toàn khác. Xe đỗ trên đoạn đường dốc phải đánh lái về phía lề đường, chèn bánh. | C60: =IFERROR(COUNTIFS($A$1:A60,"Câu "&"*")-MID(A60,5,FIND(".",A60,1)-5),0) -> 0 | D60: =IF(LEFT(A60,3)="Câu",VALUE(MID(A60,5,FIND(".",A60,1)-5)),"") | E60: =SUBSTITUTE(IF(LEFT(A60,3)="Câu",MID(A60,FIND(".",A60,1)+2,LEN(A60)),""),CHAR(34),CHAR(92)&CHAR(34)) | G60: =SUBSTITUTE(B61,CHAR(34),CHAR(92)&CHAR(34)) | H60: =SUBSTITUTE(B62,CHAR(34),CHAR(92)&CHAR(34)) -> Là một cấp kỹ thuật của đường bộ, chỉ dành cho một số loại xe cơ giới, xe máy chuyên dùng tham gia giao thông theo quy định của pháp luật. Có dải phân cách phân chia hai chiều xe chạy riêng biệt, không giao nhau cùng mức với một hoặc các đường khác, chỉ cho xe ra, vào ở những điểm nhất định. Có hàng rào bảo vệ, trang thiết bị phục vụ, bảo đảm giao thông liên tục, an toàn, rút ngắn thời gian hành trình. | I60: =SUBSTITUTE(IF(LEFT(A63,3)="Câu","",B63),CHAR(34),CHAR(92)&CHAR(34)) -> Là đường nối liền Thủ đô Hà Nội với trung tâm hành chính cấp tỉnh; đường nối liền các trung tâm hành chính cấp tỉnh; đường có vị trí quan trọng đối với sự phát triển kinh tế- xã hội, bảo đảm quốc phòng, an ninh của vùng, khu vực. | J60: =SUBSTITUTE(IF(OR(LEFT(A64,3)="Câu",I60=""),"",IF(B64=0,"",B64)),CHAR(34),CHAR(92)&CHAR(34)) | K60: =SUBSTITUTE(SUBSTITUTE(SUBSTITUTE(SUBSTITUTE(IFERROR(VLOOKUP("Câu "&D60&".",dapan!$E:$J,6,0),""),"1","A"),"2","B"),"3","C"),"4","D") | P60: =D60 | Q60: =IF(D60="","",CHAR(123)&CHAR(34)&"num"&CHAR(34)&":"&P60&","&CHAR(34)&"id"&CHAR(34)&":"&D60&"," &CHAR(34)&"q"&CHAR(34)&":"&CHAR(34)&E60&CHAR(34)&"," &IF(F60="","",CHAR(34)&"img"&CHAR(34)&":"&CHAR(34)&F60&CHAR(34)&",") &CHAR(34)&"opts"&CHAR(34)&":"&CHAR(123)&CHAR(34)&"A"&CHAR(34)&":"&CHAR(34)&G60&CHAR(34)&","&CHAR(34)&"B"&CHAR(34)&":"&CHAR(34)&H60&CHAR(34) &IF(I60="","",","&CHAR(34)&"C"&CHAR(34)&":"&CHAR(34)&I60&CHAR(34))&IF(J60="","",","&CHAR(34)&"D"&CHAR(34)&":"&CHAR(34)&J60&CHAR(34))&CHAR(125)&"," &CHAR(34)&"answer"&CHAR(34)&":"&CHAR(34)&K60&CHAR(34) &IF(L60="","",","&CHAR(34)&"danger"&CHAR(34)&":"&CHAR(34)&"true"&CHAR(34)) &IF(M60="","",","&CHAR(34)&"explain"&CHAR(34)&":"&CHAR(34)&M60&CHAR(34)) &IF(N60="","",","&CHAR(34)&"explainImg"&CHAR(34)&":"&CHAR(34)&N60&CHAR(34)) &IF(O60="","",","&CHAR(34)&"shuffle"&CHAR(34)&":"&CHAR(34)&"false"&CHAR(34))&CHAR(125)&",") | R60: =CHAR(S60) -> @ | S60: =S59+1 -> 64
A61: Câu 16. Đường cao tốc được hiểu như thế nào là đúng? | C61: =IFERROR(COUNTIFS($A$1:A61,"Câu "&"*")-MID(A61,5,FIND(".",A61,1)-5),0) -> 0 | D61: =IF(LEFT(A61,3)="Câu",VALUE(MID(A61,5,FIND(".",A61,1)-5)),"") -> 16 | E61: =SUBSTITUTE(IF(LEFT(A61,3)="Câu",MID(A61,FIND(".",A61,1)+2,LEN(A61)),""),CHAR(34),CHAR(92)&CHAR(34)) -> Đường cao tốc được hiểu như thế nào là đúng? | G61: =SUBSTITUTE(B62,CHAR(34),CHAR(92)&CHAR(34)) -> Là một cấp kỹ thuật của đường bộ, chỉ dành cho một số loại xe cơ giới, xe máy chuyên dùng tham gia giao thông theo quy định của pháp luật. Có dải phân cách phân chia hai chiều xe chạy riêng biệt, không giao nhau cùng mức với một hoặc các đường khác, chỉ cho xe ra, vào ở những điểm nhất định. Có hàng rào bảo vệ, trang thiết bị phục vụ, bảo đảm giao thông liên tục, an toàn, rút ngắn thời gian hành trình. | H61: =SUBSTITUTE(B63,CHAR(34),CHAR(92)&CHAR(34)) -> Là đường nối liền Thủ đô Hà Nội với trung tâm hành chính cấp tỉnh; đường nối liền các trung tâm hành chính cấp tỉnh; đường có vị trí quan trọng đối với sự phát triển kinh tế- xã hội, bảo đảm quốc phòng, an ninh của vùng, khu vực. | I61: =SUBSTITUTE(IF(LEFT(A64,3)="Câu","",B64),CHAR(34),CHAR(92)&CHAR(34)) | J61: =SUBSTITUTE(IF(OR(LEFT(A65,3)="Câu",I61=""),"",IF(B65=0,"",B65)),CHAR(34),CHAR(92)&CHAR(34)) | K61: =SUBSTITUTE(SUBSTITUTE(SUBSTITUTE(SUBSTITUTE(IFERROR(VLOOKUP("Câu "&D61&".",dapan!$E:$J,6,0),""),"1","A"),"2","B"),"3","C"),"4","D") -> A | P61: =D61 -> 16 | Q61: =IF(D61="","",CHAR(123)&CHAR(34)&"num"&CHAR(34)&":"&P61&","&CHAR(34)&"id"&CHAR(34)&":"&D61&"," &CHAR(34)&"q"&CHAR(34)&":"&CHAR(34)&E61&CHAR(34)&"," &IF(F61="","",CHAR(34)&"img"&CHAR(34)&":"&CHAR(34)&F61&CHAR(34)&",") &CHAR(34)&"opts"&CHAR(34)&":"&CHAR(123)&CHAR(34)&"A"&CHAR(34)&":"&CHAR(34)&G61&CHAR(34)&","&CHAR(34)&"B"&CHAR(34)&":"&CHAR(34)&H61&CHAR(34) &IF(I61="","",","&CHAR(34)&"C"&CHAR(34)&":"&CHAR(34)&I61&CHAR(34))&IF(J61="","",","&CHAR(34)&"D"&CHAR(34)&":"&CHAR(34)&J61&CHAR(34))&CHAR(125)&"," &CHAR(34)&"answer"&CHAR(34)&":"&CHAR(34)&K61&CHAR(34) &IF(L61="","",","&CHAR(34)&"danger"&CHAR(34)&":"&CHAR(34)&"true"&CHAR(34)) &IF(M61="","",","&CHAR(34)&"explain"&CHAR(34)&":"&CHAR(34)&M61&CHAR(34)) &IF(N61="","",","&CHAR(34)&"explainImg"&CHAR(34)&":"&CHAR(34)&N61&CHAR(34)) &IF(O61="","",","&CHAR(34)&"shuffle"&CHAR(34)&":"&CHAR(34)&"false"&CHAR(34))&CHAR(125)&",") -> {"num":16,"id":16,"q":"Đường cao tốc được hiểu như thế nào là đúng?","opts":{"A":" Là một cấp kỹ thuật của đường bộ, chỉ dành cho một số loại xe cơ giới, xe máy chuyên dùng tham gia giao thông theo quy định của pháp luật. Có dải phân cách phân chia hai chiều xe chạy riêng biệt, không giao nhau cùng mức với một hoặc các đường khác, chỉ cho xe ra, vào ở những điểm nhất định. Có hàng rào bảo vệ, trang thiết bị phục vụ, bảo đảm giao thông liên tục, an toàn, rút ngắn thời gian hành trình.","B":"Là đường nối liền Thủ đô Hà Nội với trung tâm hành chính cấp tỉnh; đường nối liền các trung tâm hành chính cấp tỉnh; đường có vị trí quan trọng đối với sự phát triển kinh tế- xã hội, bảo đảm quốc phòng, an ninh của vùng, khu vực."},"answer":"A"}, | R61: =CHAR(S61) -> A | S61: =S60+1 -> 65
A62: 1 | B62: Là một cấp kỹ thuật của đường bộ, chỉ dành cho một số loại xe cơ giới, xe máy chuyên dùng tham gia giao thông theo quy định của pháp luật. Có dải phân cách phân chia hai chiều xe chạy riêng biệt, không giao nhau cùng mức với một hoặc các đường khác, chỉ cho xe ra, vào ở những điểm nhất định. Có hàng rào bảo vệ, trang thiết bị phục vụ, bảo đảm giao thông liên tục, an toàn, rút ngắn thời gian hành trình. | C62: =IFERROR(COUNTIFS($A$1:A62,"Câu "&"*")-MID(A62,5,FIND(".",A62,1)-5),0) -> 0 | D62: =IF(LEFT(A62,3)="Câu",VALUE(MID(A62,5,FIND(".",A62,1)-5)),"") | E62: =SUBSTITUTE(IF(LEFT(A62,3)="Câu",MID(A62,FIND(".",A62,1)+2,LEN(A62)),""),CHAR(34),CHAR(92)&CHAR(34)) | G62: =SUBSTITUTE(B63,CHAR(34),CHAR(92)&CHAR(34)) -> Là đường nối liền Thủ đô Hà Nội với trung tâm hành chính cấp tỉnh; đường nối liền các trung tâm hành chính cấp tỉnh; đường có vị trí quan trọng đối với sự phát triển kinh tế- xã hội, bảo đảm quốc phòng, an ninh của vùng, khu vực. | H62: =SUBSTITUTE(B64,CHAR(34),CHAR(92)&CHAR(34)) | I62: =SUBSTITUTE(IF(LEFT(A65,3)="Câu","",B65),CHAR(34),CHAR(92)&CHAR(34)) -> Là thiết bị có đủ khả năng bảo đảm an toàn cho trẻ em ở tư thế ngồi hoặc nằm trên xe ô tô, được thiết kế để giảm nguy cơ chấn thương cho người dùng trong trường hợp xảy ra va chạm hoặc xe ô tô giảm tốc độ đột ngột, bằng cách hạn chế sự di chuyển của cơ thể trẻ em. | J62: =SUBSTITUTE(IF(OR(LEFT(A66,3)="Câu",I62=""),"",IF(B66=0,"",B66)),CHAR(34),CHAR(92)&CHAR(34)) -> Là thiết bị có đủ khả năng bảo đảm an toàn cho trẻ em ở tư thế đứng hoặc nằm trên xe ô tô, được thiết kế để giảm nguy cơ chấn thương cho người dùng trong trường hợp xe ô tô lưu thông bình thường. | K62: =SUBSTITUTE(SUBSTITUTE(SUBSTITUTE(SUBSTITUTE(IFERROR(VLOOKUP("Câu "&D62&".",dapan!$E:$J,6,0),""),"1","A"),"2","B"),"3","C"),"4","D") | P62: =D62 | Q62: =IF(D62="","",CHAR(123)&CHAR(34)&"num"&CHAR(34)&":"&P62&","&CHAR(34)&"id"&CHAR(34)&":"&D62&"," &CHAR(34)&"q"&CHAR(34)&":"&CHAR(34)&E62&CHAR(34)&"," &IF(F62="","",CHAR(34)&"img"&CHAR(34)&":"&CHAR(34)&F62&CHAR(34)&",") &CHAR(34)&"opts"&CHAR(34)&":"&CHAR(123)&CHAR(34)&"A"&CHAR(34)&":"&CHAR(34)&G62&CHAR(34)&","&CHAR(34)&"B"&CHAR(34)&":"&CHAR(34)&H62&CHAR(34) &IF(I62="","",","&CHAR(34)&"C"&CHAR(34)&":"&CHAR(34)&I62&CHAR(34))&IF(J62="","",","&CHAR(34)&"D"&CHAR(34)&":"&CHAR(34)&J62&CHAR(34))&CHAR(125)&"," &CHAR(34)&"answer"&CHAR(34)&":"&CHAR(34)&K62&CHAR(34) &IF(L62="","",","&CHAR(34)&"danger"&CHAR(34)&":"&CHAR(34)&"true"&CHAR(34)) &IF(M62="","",","&CHAR(34)&"explain"&CHAR(34)&":"&CHAR(34)&M62&CHAR(34)) &IF(N62="","",","&CHAR(34)&"explainImg"&CHAR(34)&":"&CHAR(34)&N62&CHAR(34)) &IF(O62="","",","&CHAR(34)&"shuffle"&CHAR(34)&":"&CHAR(34)&"false"&CHAR(34))&CHAR(125)&",") | R62: =CHAR(S62) -> B | S62: =S61+1 -> 66
A63: 2 | B63: Là đường nối liền Thủ đô Hà Nội với trung tâm hành chính cấp tỉnh; đường nối liền các trung tâm hành chính cấp tỉnh; đường có vị trí quan trọng đối với sự phát triển kinh tế- xã hội, bảo đảm quốc phòng, an ninh của vùng, khu vực. | C63: =IFERROR(COUNTIFS($A$1:A63,"Câu "&"*")-MID(A63,5,FIND(".",A63,1)-5),0) -> 0 | D63: =IF(LEFT(A63,3)="Câu",VALUE(MID(A63,5,FIND(".",A63,1)-5)),"") | E63: =SUBSTITUTE(IF(LEFT(A63,3)="Câu",MID(A63,FIND(".",A63,1)+2,LEN(A63)),""),CHAR(34),CHAR(92)&CHAR(34)) | G63: =SUBSTITUTE(B64,CHAR(34),CHAR(92)&CHAR(34)) | H63: =SUBSTITUTE(B65,CHAR(34),CHAR(92)&CHAR(34)) -> Là thiết bị có đủ khả năng bảo đảm an toàn cho trẻ em ở tư thế ngồi hoặc nằm trên xe ô tô, được thiết kế để giảm nguy cơ chấn thương cho người dùng trong trường hợp xảy ra va chạm hoặc xe ô tô giảm tốc độ đột ngột, bằng cách hạn chế sự di chuyển của cơ thể trẻ em. | I63: =SUBSTITUTE(IF(LEFT(A66,3)="Câu","",B66),CHAR(34),CHAR(92)&CHAR(34)) -> Là thiết bị có đủ khả năng bảo đảm an toàn cho trẻ em ở tư thế đứng hoặc nằm trên xe ô tô, được thiết kế để giảm nguy cơ chấn thương cho người dùng trong trường hợp xe ô tô lưu thông bình thường. | J63: =SUBSTITUTE(IF(OR(LEFT(A67,3)="Câu",I63=""),"",IF(B67=0,"",B67)),CHAR(34),CHAR(92)&CHAR(34)) | K63: =SUBSTITUTE(SUBSTITUTE(SUBSTITUTE(SUBSTITUTE(IFERROR(VLOOKUP("Câu "&D63&".",dapan!$E:$J,6,0),""),"1","A"),"2","B"),"3","C"),"4","D") | P63: =D63 | Q63: =IF(D63="","",CHAR(123)&CHAR(34)&"num"&CHAR(34)&":"&P63&","&CHAR(34)&"id"&CHAR(34)&":"&D63&"," &CHAR(34)&"q"&CHAR(34)&":"&CHAR(34)&E63&CHAR(34)&"," &IF(F63="","",CHAR(34)&"img"&CHAR(34)&":"&CHAR(34)&F63&CHAR(34)&",") &CHAR(34)&"opts"&CHAR(34)&":"&CHAR(123)&CHAR(34)&"A"&CHAR(34)&":"&CHAR(34)&G63&CHAR(34)&","&CHAR(34)&"B"&CHAR(34)&":"&CHAR(34)&H63&CHAR(34) &IF(I63="","",","&CHAR(34)&"C"&CHAR(34)&":"&CHAR(34)&I63&CHAR(34))&IF(J63="","",","&CHAR(34)&"D"&CHAR(34)&":"&CHAR(34)&J63&CHAR(34))&CHAR(125)&"," &CHAR(34)&"answer"&CHAR(34)&":"&CHAR(34)&K63&CHAR(34) &IF(L63="","",","&CHAR(34)&"danger"&CHAR(34)&":"&CHAR(34)&"true"&CHAR(34)) &IF(M63="","",","&CHAR(34)&"explain"&CHAR(34)&":"&CHAR(34)&M63&CHAR(34)) &IF(N63="","",","&CHAR(34)&"explainImg"&CHAR(34)&":"&CHAR(34)&N63&CHAR(34)) &IF(O63="","",","&CHAR(34)&"shuffle"&CHAR(34)&":"&CHAR(34)&"false"&CHAR(34))&CHAR(125)&",") | R63: =CHAR(S63) -> C | S63: =S62+1 -> 67
A64: Câu 17. Thiết bị an toàn cho trẻ em được hiểu như thế nào là đúng? | C64: =IFERROR(COUNTIFS($A$1:A64,"Câu "&"*")-MID(A64,5,FIND(".",A64,1)-5),0) -> 0 | D64: =IF(LEFT(A64,3)="Câu",VALUE(MID(A64,5,FIND(".",A64,1)-5)),"") -> 17 | E64: =SUBSTITUTE(IF(LEFT(A64,3)="Câu",MID(A64,FIND(".",A64,1)+2,LEN(A64)),""),CHAR(34),CHAR(92)&CHAR(34)) -> Thiết bị an toàn cho trẻ em được hiểu như thế nào là đúng? | G64: =SUBSTITUTE(B65,CHAR(34),CHAR(92)&CHAR(34)) -> Là thiết bị có đủ khả năng bảo đảm an toàn cho trẻ em ở tư thế ngồi hoặc nằm trên xe ô tô, được thiết kế để giảm nguy cơ chấn thương cho người dùng trong trường hợp xảy ra va chạm hoặc xe ô tô giảm tốc độ đột ngột, bằng cách hạn chế sự di chuyển của cơ thể trẻ em. | H64: =SUBSTITUTE(B66,CHAR(34),CHAR(92)&CHAR(34)) -> Là thiết bị có đủ khả năng bảo đảm an toàn cho trẻ em ở tư thế đứng hoặc nằm trên xe ô tô, được thiết kế để giảm nguy cơ chấn thương cho người dùng trong trường hợp xe ô tô lưu thông bình thường. | I64: =SUBSTITUTE(IF(LEFT(A67,3)="Câu","",B67),CHAR(34),CHAR(92)&CHAR(34)) | J64: =SUBSTITUTE(IF(OR(LEFT(A68,3)="Câu",I64=""),"",IF(B68=0,"",B68)),CHAR(34),CHAR(92)&CHAR(34)) | K64: =SUBSTITUTE(SUBSTITUTE(SUBSTITUTE(SUBSTITUTE(IFERROR(VLOOKUP("Câu "&D64&".",dapan!$E:$J,6,0),""),"1","A"),"2","B"),"3","C"),"4","D") -> A | P64: =D64 -> 17 | Q64: =IF(D64="","",CHAR(123)&CHAR(34)&"num"&CHAR(34)&":"&P64&","&CHAR(34)&"id"&CHAR(34)&":"&D64&"," &CHAR(34)&"q"&CHAR(34)&":"&CHAR(34)&E64&CHAR(34)&"," &IF(F64="","",CHAR(34)&"img"&CHAR(34)&":"&CHAR(34)&F64&CHAR(34)&",") &CHAR(34)&"opts"&CHAR(34)&":"&CHAR(123)&CHAR(34)&"A"&CHAR(34)&":"&CHAR(34)&G64&CHAR(34)&","&CHAR(34)&"B"&CHAR(34)&":"&CHAR(34)&H64&CHAR(34) &IF(I64="","",","&CHAR(34)&"C"&CHAR(34)&":"&CHAR(34)&I64&CHAR(34))&IF(J64="","",","&CHAR(34)&"D"&CHAR(34)&":"&CHAR(34)&J64&CHAR(34))&CHAR(125)&"," &CHAR(34)&"answer"&CHAR(34)&":"&CHAR(34)&K64&CHAR(34) &IF(L64="","",","&CHAR(34)&"danger"&CHAR(34)&":"&CHAR(34)&"true"&CHAR(34)) &IF(M64="","",","&CHAR(34)&"explain"&CHAR(34)&":"&CHAR(34)&M64&CHAR(34)) &IF(N64="","",","&CHAR(34)&"explainImg"&CHAR(34)&":"&CHAR(34)&N64&CHAR(34)) &IF(O64="","",","&CHAR(34)&"shuffle"&CHAR(34)&":"&CHAR(34)&"false"&CHAR(34))&CHAR(125)&",") -> {"num":17,"id":17,"q":"Thiết bị an toàn cho trẻ em được hiểu như thế nào là đúng?","opts":{"A":" Là thiết bị có đủ khả năng bảo đảm an toàn cho trẻ em ở tư thế ngồi hoặc nằm trên xe ô tô, được thiết kế để giảm nguy cơ chấn thương cho người dùng trong trường hợp xảy ra va chạm hoặc xe ô tô giảm tốc độ đột ngột, bằng cách hạn chế sự di chuyển của cơ thể trẻ em.","B":"Là thiết bị có đủ khả năng bảo đảm an toàn cho trẻ em ở tư thế đứng hoặc nằm trên xe ô tô, được thiết kế để giảm nguy cơ chấn thương cho người dùng trong trường hợp xe ô tô lưu thông bình thường."},"answer":"A"}, | R64: =CHAR(S64) -> D | S64: =S63+1 -> 68
A65: 1 | B65: Là thiết bị có đủ khả năng bảo đảm an toàn cho trẻ em ở tư thế ngồi hoặc nằm trên xe ô tô, được thiết kế để giảm nguy cơ chấn thương cho người dùng trong trường hợp xảy ra va chạm hoặc xe ô tô giảm tốc độ đột ngột, bằng cách hạn chế sự di chuyển của cơ thể trẻ em. | C65: =IFERROR(COUNTIFS($A$1:A65,"Câu "&"*")-MID(A65,5,FIND(".",A65,1)-5),0) -> 0 | D65: =IF(LEFT(A65,3)="Câu",VALUE(MID(A65,5,FIND(".",A65,1)-5)),"") | E65: =SUBSTITUTE(IF(LEFT(A65,3)="Câu",MID(A65,FIND(".",A65,1)+2,LEN(A65)),""),CHAR(34),CHAR(92)&CHAR(34)) | G65: =SUBSTITUTE(B66,CHAR(34),CHAR(92)&CHAR(34)) -> Là thiết bị có đủ khả năng bảo đảm an toàn cho trẻ em ở tư thế đứng hoặc nằm trên xe ô tô, được thiết kế để giảm nguy cơ chấn thương cho người dùng trong trường hợp xe ô tô lưu thông bình thường. | H65: =SUBSTITUTE(B67,CHAR(34),CHAR(92)&CHAR(34)) | I65: =SUBSTITUTE(IF(LEFT(A68,3)="Câu","",B68),CHAR(34),CHAR(92)&CHAR(34)) -> Đường chính, đường nhánh, đường gom, đường bên, đường dành cho giao thông công cộng, đường nội bộ, đường dành riêng cho người đi bộ, người đi xe đạp và các đường khác. | J65: =SUBSTITUTE(IF(OR(LEFT(A69,3)="Câu",I65=""),"",IF(B69=0,"",B69)),CHAR(34),CHAR(92)&CHAR(34)) -> Đường chính, đường nhánh, đường gom, đường dành cho giao thông công cộng, đường nội bộ, đường dành riêng cho người đi bộ, người đi xe đạp và các đường khác. | K65: =SUBSTITUTE(SUBSTITUTE(SUBSTITUTE(SUBSTITUTE(IFERROR(VLOOKUP("Câu "&D65&".",dapan!$E:$J,6,0),""),"1","A"),"2","B"),"3","C"),"4","D") | P65: =D65 | Q65: =IF(D65="","",CHAR(123)&CHAR(34)&"num"&CHAR(34)&":"&P65&","&CHAR(34)&"id"&CHAR(34)&":"&D65&"," &CHAR(34)&"q"&CHAR(34)&":"&CHAR(34)&E65&CHAR(34)&"," &IF(F65="","",CHAR(34)&"img"&CHAR(34)&":"&CHAR(34)&F65&CHAR(34)&",") &CHAR(34)&"opts"&CHAR(34)&":"&CHAR(123)&CHAR(34)&"A"&CHAR(34)&":"&CHAR(34)&G65&CHAR(34)&","&CHAR(34)&"B"&CHAR(34)&":"&CHAR(34)&H65&CHAR(34) &IF(I65="","",","&CHAR(34)&"C"&CHAR(34)&":"&CHAR(34)&I65&CHAR(34))&IF(J65="","",","&CHAR(34)&"D"&CHAR(34)&":"&CHAR(34)&J65&CHAR(34))&CHAR(125)&"," &CHAR(34)&"answer"&CHAR(34)&":"&CHAR(34)&K65&CHAR(34) &IF(L65="","",","&CHAR(34)&"danger"&CHAR(34)&":"&CHAR(34)&"true"&CHAR(34)) &IF(M65="","",","&CHAR(34)&"explain"&CHAR(34)&":"&CHAR(34)&M65&CHAR(34)) &IF(N65="","",","&CHAR(34)&"explainImg"&CHAR(34)&":"&CHAR(34)&N65&CHAR(34)) &IF(O65="","",","&CHAR(34)&"shuffle"&CHAR(34)&":"&CHAR(34)&"false"&CHAR(34))&CHAR(125)&",") | R65: =CHAR(S65) -> E | S65: =S64+1 -> 69
A66: 2 | B66: Là thiết bị có đủ khả năng bảo đảm an toàn cho trẻ em ở tư thế đứng hoặc nằm trên xe ô tô, được thiết kế để giảm nguy cơ chấn thương cho người dùng trong trường hợp xe ô tô lưu thông bình thường. | C66: =IFERROR(COUNTIFS($A$1:A66,"Câu "&"*")-MID(A66,5,FIND(".",A66,1)-5),0) -> 0 | D66: =IF(LEFT(A66,3)="Câu",VALUE(MID(A66,5,FIND(".",A66,1)-5)),"") | E66: =SUBSTITUTE(IF(LEFT(A66,3)="Câu",MID(A66,FIND(".",A66,1)+2,LEN(A66)),""),CHAR(34),CHAR(92)&CHAR(34)) | G66: =SUBSTITUTE(B67,CHAR(34),CHAR(92)&CHAR(34)) | H66: =SUBSTITUTE(B68,CHAR(34),CHAR(92)&CHAR(34)) -> Đường chính, đường nhánh, đường gom, đường bên, đường dành cho giao thông công cộng, đường nội bộ, đường dành riêng cho người đi bộ, người đi xe đạp và các đường khác. | I66: =SUBSTITUTE(IF(LEFT(A69,3)="Câu","",B69),CHAR(34),CHAR(92)&CHAR(34)) -> Đường chính, đường nhánh, đường gom, đường dành cho giao thông công cộng, đường nội bộ, đường dành riêng cho người đi bộ, người đi xe đạp và các đường khác. | J66: =SUBSTITUTE(IF(OR(LEFT(A70,3)="Câu",I66=""),"",IF(B70=0,"",B70)),CHAR(34),CHAR(92)&CHAR(34)) -> Đường chính, đường nhánh, đường gom, đường bên, đường dành cho giao thông công cộng, đường dành riêng cho người đi bộ, người đi xe đạp và các đường khác. | K66: =SUBSTITUTE(SUBSTITUTE(SUBSTITUTE(SUBSTITUTE(IFERROR(VLOOKUP("Câu "&D66&".",dapan!$E:$J,6,0),""),"1","A"),"2","B"),"3","C"),"4","D") | P66: =D66 | Q66: =IF(D66="","",CHAR(123)&CHAR(34)&"num"&CHAR(34)&":"&P66&","&CHAR(34)&"id"&CHAR(34)&":"&D66&"," &CHAR(34)&"q"&CHAR(34)&":"&CHAR(34)&E66&CHAR(34)&"," &IF(F66="","",CHAR(34)&"img"&CHAR(34)&":"&CHAR(34)&F66&CHAR(34)&",") &CHAR(34)&"opts"&CHAR(34)&":"&CHAR(123)&CHAR(34)&"A"&CHAR(34)&":"&CHAR(34)&G66&CHAR(34)&","&CHAR(34)&"B"&CHAR(34)&":"&CHAR(34)&H66&CHAR(34) &IF(I66="","",","&CHAR(34)&"C"&CHAR(34)&":"&CHAR(34)&I66&CHAR(34))&IF(J66="","",","&CHAR(34)&"D"&CHAR(34)&":"&CHAR(34)&J66&CHAR(34))&CHAR(125)&"," &CHAR(34)&"answer"&CHAR(34)&":"&CHAR(34)&K66&CHAR(34) &IF(L66="","",","&CHAR(34)&"danger"&CHAR(34)&":"&CHAR(34)&"true"&CHAR(34)) &IF(M66="","",","&CHAR(34)&"explain"&CHAR(34)&":"&CHAR(34)&M66&CHAR(34)) &IF(N66="","",","&CHAR(34)&"explainImg"&CHAR(34)&":"&CHAR(34)&N66&CHAR(34)) &IF(O66="","",","&CHAR(34)&"shuffle"&CHAR(34)&":"&CHAR(34)&"false"&CHAR(34))&CHAR(125)&",") | R66: =CHAR(S66) -> F | S66: =S65+1 -> 70
A67: Câu 18. Theo chức năng phục vụ thì đường bộ được phân loại như thế nào? | C67: =IFERROR(COUNTIFS($A$1:A67,"Câu "&"*")-MID(A67,5,FIND(".",A67,1)-5),0) -> 0 | D67: =IF(LEFT(A67,3)="Câu",VALUE(MID(A67,5,FIND(".",A67,1)-5)),"") -> 18 | E67: =SUBSTITUTE(IF(LEFT(A67,3)="Câu",MID(A67,FIND(".",A67,1)+2,LEN(A67)),""),CHAR(34),CHAR(92)&CHAR(34)) -> Theo chức năng phục vụ thì đường bộ được phân loại như thế nào? | G67: =SUBSTITUTE(B68,CHAR(34),CHAR(92)&CHAR(34)) -> Đường chính, đường nhánh, đường gom, đường bên, đường dành cho giao thông công cộng, đường nội bộ, đường dành riêng cho người đi bộ, người đi xe đạp và các đường khác. | H67: =SUBSTITUTE(B69,CHAR(34),CHAR(92)&CHAR(34)) -> Đường chính, đường nhánh, đường gom, đường dành cho giao thông công cộng, đường nội bộ, đường dành riêng cho người đi bộ, người đi xe đạp và các đường khác. | I67: =SUBSTITUTE(IF(LEFT(A70,3)="Câu","",B70),CHAR(34),CHAR(92)&CHAR(34)) -> Đường chính, đường nhánh, đường gom, đường bên, đường dành cho giao thông công cộng, đường dành riêng cho người đi bộ, người đi xe đạp và các đường khác. | J67: =SUBSTITUTE(IF(OR(LEFT(A71,3)="Câu",I67=""),"",IF(B71=0,"",B71)),CHAR(34),CHAR(92)&CHAR(34)) | K67: =SUBSTITUTE(SUBSTITUTE(SUBSTITUTE(SUBSTITUTE(IFERROR(VLOOKUP("Câu "&D67&".",dapan!$E:$J,6,0),""),"1","A"),"2","B"),"3","C"),"4","D") -> A | P67: =D67 -> 18 | Q67: =IF(D67="","",CHAR(123)&CHAR(34)&"num"&CHAR(34)&":"&P67&","&CHAR(34)&"id"&CHAR(34)&":"&D67&"," &CHAR(34)&"q"&CHAR(34)&":"&CHAR(34)&E67&CHAR(34)&"," &IF(F67="","",CHAR(34)&"img"&CHAR(34)&":"&CHAR(34)&F67&CHAR(34)&",") &CHAR(34)&"opts"&CHAR(34)&":"&CHAR(123)&CHAR(34)&"A"&CHAR(34)&":"&CHAR(34)&G67&CHAR(34)&","&CHAR(34)&"B"&CHAR(34)&":"&CHAR(34)&H67&CHAR(34) &IF(I67="","",","&CHAR(34)&"C"&CHAR(34)&":"&CHAR(34)&I67&CHAR(34))&IF(J67="","",","&CHAR(34)&"D"&CHAR(34)&":"&CHAR(34)&J67&CHAR(34))&CHAR(125)&"," &CHAR(34)&"answer"&CHAR(34)&":"&CHAR(34)&K67&CHAR(34) &IF(L67="","",","&CHAR(34)&"danger"&CHAR(34)&":"&CHAR(34)&"true"&CHAR(34)) &IF(M67="","",","&CHAR(34)&"explain"&CHAR(34)&":"&CHAR(34)&M67&CHAR(34)) &IF(N67="","",","&CHAR(34)&"explainImg"&CHAR(34)&":"&CHAR(34)&N67&CHAR(34)) &IF(O67="","",","&CHAR(34)&"shuffle"&CHAR(34)&":"&CHAR(34)&"false"&CHAR(34))&CHAR(125)&",") -> {"num":18,"id":18,"q":"Theo chức năng phục vụ thì đường bộ được phân loại như thế nào?","opts":{"A":" Đường chính, đường nhánh, đường gom, đường bên, đường dành cho giao thông công cộng, đường nội bộ, đường dành riêng cho người đi bộ, người đi xe đạp và các đường khác.","B":"Đường chính, đường nhánh, đường gom, đường dành cho giao thông công cộng, đường nội bộ, đường dành riêng cho người đi bộ, người đi xe đạp và các đường khác.","C":"Đường chính, đường nhánh, đường gom, đường bên, đường dành cho giao thông công cộng, đường dành riêng cho người đi bộ, người đi xe đạp và các đường khác."},"answer":"A"}, | R67: =CHAR(S67) -> G | S67: =S66+1 -> 71
A68: 1 | B68: Đường chính, đường nhánh, đường gom, đường bên, đường dành cho giao thông công cộng, đường nội bộ, đường dành riêng cho người đi bộ, người đi xe đạp và các đường khác. | C68: =IFERROR(COUNTIFS($A$1:A68,"Câu "&"*")-MID(A68,5,FIND(".",A68,1)-5),0) -> 0 | D68: =IF(LEFT(A68,3)="Câu",VALUE(MID(A68,5,FIND(".",A68,1)-5)),"") | E68: =SUBSTITUTE(IF(LEFT(A68,3)="Câu",MID(A68,FIND(".",A68,1)+2,LEN(A68)),""),CHAR(34),CHAR(92)&CHAR(34)) | G68: =SUBSTITUTE(B69,CHAR(34),CHAR(92)&CHAR(34)) -> Đường chính, đường nhánh, đường gom, đường dành cho giao thông công cộng, đường nội bộ, đường dành riêng cho người đi bộ, người đi xe đạp và các đường khác. | H68: =SUBSTITUTE(B70,CHAR(34),CHAR(92)&CHAR(34)) -> Đường chính, đường nhánh, đường gom, đường bên, đường dành cho giao thông công cộng, đường dành riêng cho người đi bộ, người đi xe đạp và các đường khác. | I68: =SUBSTITUTE(IF(LEFT(A71,3)="Câu","",B71),CHAR(34),CHAR(92)&CHAR(34)) | J68: =SUBSTITUTE(IF(OR(LEFT(A72,3)="Câu",I68=""),"",IF(B72=0,"",B72)),CHAR(34),CHAR(92)&CHAR(34)) | K68: =SUBSTITUTE(SUBSTITUTE(SUBSTITUTE(SUBSTITUTE(IFERROR(VLOOKUP("Câu "&D68&".",dapan!$E:$J,6,0),""),"1","A"),"2","B"),"3","C"),"4","D") | P68: =D68 | Q68: =IF(D68="","",CHAR(123)&CHAR(34)&"num"&CHAR(34)&":"&P68&","&CHAR(34)&"id"&CHAR(34)&":"&D68&"," &CHAR(34)&"q"&CHAR(34)&":"&CHAR(34)&E68&CHAR(34)&"," &IF(F68="","",CHAR(34)&"img"&CHAR(34)&":"&CHAR(34)&F68&CHAR(34)&",") &CHAR(34)&"opts"&CHAR(34)&":"&CHAR(123)&CHAR(34)&"A"&CHAR(34)&":"&CHAR(34)&G68&CHAR(34)&","&CHAR(34)&"B"&CHAR(34)&":"&CHAR(34)&H68&CHAR(34) &IF(I68="","",","&CHAR(34)&"C"&CHAR(34)&":"&CHAR(34)&I68&CHAR(34))&IF(J68="","",","&CHAR(34)&"D"&CHAR(34)&":"&CHAR(34)&J68&CHAR(34))&CHAR(125)&"," &CHAR(34)&"answer"&CHAR(34)&":"&CHAR(34)&K68&CHAR(34) &IF(L68="","",","&CHAR(34)&"danger"&CHAR(34)&":"&CHAR(34)&"true"&CHAR(34)) &IF(M68="","",","&CHAR(34)&"explain"&CHAR(34)&":"&CHAR(34)&M68&CHAR(34)) &IF(N68="","",","&CHAR(34)&"explainImg"&CHAR(34)&":"&CHAR(34)&N68&CHAR(34)) &IF(O68="","",","&CHAR(34)&"shuffle"&CHAR(34)&":"&CHAR(34)&"false"&CHAR(34))&CHAR(125)&",") | R68: =CHAR(S68) -> H | S68: =S67+1 -> 72
A69: 2 | B69: Đường chính, đường nhánh, đường gom, đường dành cho giao thông công cộng, đường nội bộ, đường dành riêng cho người đi bộ, người đi xe đạp và các đường khác. | C69: =IFERROR(COUNTIFS($A$1:A69,"Câu "&"*")-MID(A69,5,FIND(".",A69,1)-5),0) -> 0 | D69: =IF(LEFT(A69,3)="Câu",VALUE(MID(A69,5,FIND(".",A69,1)-5)),"") | E69: =SUBSTITUTE(IF(LEFT(A69,3)="Câu",MID(A69,FIND(".",A69,1)+2,LEN(A69)),""),CHAR(34),CHAR(92)&CHAR(34)) | G69: =SUBSTITUTE(B70,CHAR(34),CHAR(92)&CHAR(34)) -> Đường chính, đường nhánh, đường gom, đường bên, đường dành cho giao thông công cộng, đường dành riêng cho người đi bộ, người đi xe đạp và các đường khác. | H69: =SUBSTITUTE(B71,CHAR(34),CHAR(92)&CHAR(34)) | I69: =SUBSTITUTE(IF(LEFT(A72,3)="Câu","",B72),CHAR(34),CHAR(92)&CHAR(34)) -> Sử dụng xe đạp đi trên các tuyến quốc lộ. | J69: =SUBSTITUTE(IF(OR(LEFT(A73,3)="Câu",I69=""),"",IF(B73=0,"",B73)),CHAR(34),CHAR(92)&CHAR(34)) -> Rải vật sắc nhọn, đổ chất gây trơn trượt trên đường bộ. | K69: =SUBSTITUTE(SUBSTITUTE(SUBSTITUTE(SUBSTITUTE(IFERROR(VLOOKUP("Câu "&D69&".",dapan!$E:$J,6,0),""),"1","A"),"2","B"),"3","C"),"4","D") | P69: =D69 | Q69: =IF(D69="","",CHAR(123)&CHAR(34)&"num"&CHAR(34)&":"&P69&","&CHAR(34)&"id"&CHAR(34)&":"&D69&"," &CHAR(34)&"q"&CHAR(34)&":"&CHAR(34)&E69&CHAR(34)&"," &IF(F69="","",CHAR(34)&"img"&CHAR(34)&":"&CHAR(34)&F69&CHAR(34)&",") &CHAR(34)&"opts"&CHAR(34)&":"&CHAR(123)&CHAR(34)&"A"&CHAR(34)&":"&CHAR(34)&G69&CHAR(34)&","&CHAR(34)&"B"&CHAR(34)&":"&CHAR(34)&H69&CHAR(34) &IF(I69="","",","&CHAR(34)&"C"&CHAR(34)&":"&CHAR(34)&I69&CHAR(34))&IF(J69="","",","&CHAR(34)&"D"&CHAR(34)&":"&CHAR(34)&J69&CHAR(34))&CHAR(125)&"," &CHAR(34)&"answer"&CHAR(34)&":"&CHAR(34)&K69&CHAR(34) &IF(L69="","",","&CHAR(34)&"danger"&CHAR(34)&":"&CHAR(34)&"true"&CHAR(34)) &IF(M69="","",","&CHAR(34)&"explain"&CHAR(34)&":"&CHAR(34)&M69&CHAR(34)) &IF(N69="","",","&CHAR(34)&"explainImg"&CHAR(34)&":"&CHAR(34)&N69&CHAR(34)) &IF(O69="","",","&CHAR(34)&"shuffle"&CHAR(34)&":"&CHAR(34)&"false"&CHAR(34))&CHAR(125)&",") | R69: =CHAR(S69) -> I | S69: =S68+1 -> 73
A70: 3 | B70: Đường chính, đường nhánh, đường gom, đường bên, đường dành cho giao thông công cộng, đường dành riêng cho người đi bộ, người đi xe đạp và các đường khác. | C70: =IFERROR(COUNTIFS($A$1:A70,"Câu "&"*")-MID(A70,5,FIND(".",A70,1)-5),0) -> 0 | D70: =IF(LEFT(A70,3)="Câu",VALUE(MID(A70,5,FIND(".",A70,1)-5)),"") | E70: =SUBSTITUTE(IF(LEFT(A70,3)="Câu",MID(A70,FIND(".",A70,1)+2,LEN(A70)),""),CHAR(34),CHAR(92)&CHAR(34)) | G70: =SUBSTITUTE(B71,CHAR(34),CHAR(92)&CHAR(34)) | H70: =SUBSTITUTE(B72,CHAR(34),CHAR(92)&CHAR(34)) -> Sử dụng xe đạp đi trên các tuyến quốc lộ. | I70: =SUBSTITUTE(IF(LEFT(A73,3)="Câu","",B73),CHAR(34),CHAR(92)&CHAR(34)) -> Rải vật sắc nhọn, đổ chất gây trơn trượt trên đường bộ. | J70: =SUBSTITUTE(IF(OR(LEFT(A74,3)="Câu",I70=""),"",IF(B74=0,"",B74)),CHAR(34),CHAR(92)&CHAR(34)) -> Cả hai ý trên. | K70: =SUBSTITUTE(SUBSTITUTE(SUBSTITUTE(SUBSTITUTE(IFERROR(VLOOKUP("Câu "&D70&".",dapan!$E:$J,6,0),""),"1","A"),"2","B"),"3","C"),"4","D") | P70: =D70 | Q70: =IF(D70="","",CHAR(123)&CHAR(34)&"num"&CHAR(34)&":"&P70&","&CHAR(34)&"id"&CHAR(34)&":"&D70&"," &CHAR(34)&"q"&CHAR(34)&":"&CHAR(34)&E70&CHAR(34)&"," &IF(F70="","",CHAR(34)&"img"&CHAR(34)&":"&CHAR(34)&F70&CHAR(34)&",") &CHAR(34)&"opts"&CHAR(34)&":"&CHAR(123)&CHAR(34)&"A"&CHAR(34)&":"&CHAR(34)&G70&CHAR(34)&","&CHAR(34)&"B"&CHAR(34)&":"&CHAR(34)&H70&CHAR(34) &IF(I70="","",","&CHAR(34)&"C"&CHAR(34)&":"&CHAR(34)&I70&CHAR(34))&IF(J70="","",","&CHAR(34)&"D"&CHAR(34)&":"&CHAR(34)&J70&CHAR(34))&CHAR(125)&"," &CHAR(34)&"answer"&CHAR(34)&":"&CHAR(34)&K70&CHAR(34) &IF(L70="","",","&CHAR(34)&"danger"&CHAR(34)&":"&CHAR(34)&"true"&CHAR(34)) &IF(M70="","",","&CHAR(34)&"explain"&CHAR(34)&":"&CHAR(34)&M70&CHAR(34)) &IF(N70="","",","&CHAR(34)&"explainImg"&CHAR(34)&":"&CHAR(34)&N70&CHAR(34)) &IF(O70="","",","&CHAR(34)&"shuffle"&CHAR(34)&":"&CHAR(34)&"false"&CHAR(34))&CHAR(125)&",") | R70: =CHAR(S70) -> J | S70: =S69+1 -> 74
A71: Câu 19. Hành vi nào dưới đây bị nghiêm cấm? | C71: =IFERROR(COUNTIFS($A$1:A71,"Câu "&"*")-MID(A71,5,FIND(".",A71,1)-5),0) -> 0 | D71: =IF(LEFT(A71,3)="Câu",VALUE(MID(A71,5,FIND(".",A71,1)-5)),"") -> 19 | E71: =SUBSTITUTE(IF(LEFT(A71,3)="Câu",MID(A71,FIND(".",A71,1)+2,LEN(A71)),""),CHAR(34),CHAR(92)&CHAR(34)) -> Hành vi nào dưới đây bị nghiêm cấm? | G71: =SUBSTITUTE(B72,CHAR(34),CHAR(92)&CHAR(34)) -> Sử dụng xe đạp đi trên các tuyến quốc lộ. | H71: =SUBSTITUTE(B73,CHAR(34),CHAR(92)&CHAR(34)) -> Rải vật sắc nhọn, đổ chất gây trơn trượt trên đường bộ. | I71: =SUBSTITUTE(IF(LEFT(A74,3)="Câu","",B74),CHAR(34),CHAR(92)&CHAR(34)) -> Cả hai ý trên. | J71: =SUBSTITUTE(IF(OR(LEFT(A75,3)="Câu",I71=""),"",IF(B75=0,"",B75)),CHAR(34),CHAR(92)&CHAR(34)) | K71: =SUBSTITUTE(SUBSTITUTE(SUBSTITUTE(SUBSTITUTE(IFERROR(VLOOKUP("Câu "&D71&".",dapan!$E:$J,6,0),""),"1","A"),"2","B"),"3","C"),"4","D") -> B | P71: =D71 -> 19 | Q71: =IF(D71="","",CHAR(123)&CHAR(34)&"num"&CHAR(34)&":"&P71&","&CHAR(34)&"id"&CHAR(34)&":"&D71&"," &CHAR(34)&"q"&CHAR(34)&":"&CHAR(34)&E71&CHAR(34)&"," &IF(F71="","",CHAR(34)&"img"&CHAR(34)&":"&CHAR(34)&F71&CHAR(34)&",") &CHAR(34)&"opts"&CHAR(34)&":"&CHAR(123)&CHAR(34)&"A"&CHAR(34)&":"&CHAR(34)&G71&CHAR(34)&","&CHAR(34)&"B"&CHAR(34)&":"&CHAR(34)&H71&CHAR(34) &IF(I71="","",","&CHAR(34)&"C"&CHAR(34)&":"&CHAR(34)&I71&CHAR(34))&IF(J71="","",","&CHAR(34)&"D"&CHAR(34)&":"&CHAR(34)&J71&CHAR(34))&CHAR(125)&"," &CHAR(34)&"answer"&CHAR(34)&":"&CHAR(34)&K71&CHAR(34) &IF(L71="","",","&CHAR(34)&"danger"&CHAR(34)&":"&CHAR(34)&"true"&CHAR(34)) &IF(M71="","",","&CHAR(34)&"explain"&CHAR(34)&":"&CHAR(34)&M71&CHAR(34)) &IF(N71="","",","&CHAR(34)&"explainImg"&CHAR(34)&":"&CHAR(34)&N71&CHAR(34)) &IF(O71="","",","&CHAR(34)&"shuffle"&CHAR(34)&":"&CHAR(34)&"false"&CHAR(34))&CHAR(125)&",") -> {"num":19,"id":19,"q":"Hành vi nào dưới đây bị nghiêm cấm?","opts":{"A":"Sử dụng xe đạp đi trên các tuyến quốc lộ.","B":" Rải vật sắc nhọn, đổ chất gây trơn trượt trên đường bộ.","C":"Cả hai ý trên."},"answer":"B"}, | R71: =CHAR(S71) -> K | S71: =S70+1 -> 75
A72: 1 | B72: Sử dụng xe đạp đi trên các tuyến quốc lộ. | C72: =IFERROR(COUNTIFS($A$1:A72,"Câu "&"*")-MID(A72,5,FIND(".",A72,1)-5),0) -> 0 | D72: =IF(LEFT(A72,3)="Câu",VALUE(MID(A72,5,FIND(".",A72,1)-5)),"") | E72: =SUBSTITUTE(IF(LEFT(A72,3)="Câu",MID(A72,FIND(".",A72,1)+2,LEN(A72)),""),CHAR(34),CHAR(92)&CHAR(34)) | G72: =SUBSTITUTE(B73,CHAR(34),CHAR(92)&CHAR(34)) -> Rải vật sắc nhọn, đổ chất gây trơn trượt trên đường bộ. | H72: =SUBSTITUTE(B74,CHAR(34),CHAR(92)&CHAR(34)) -> Cả hai ý trên. | I72: =SUBSTITUTE(IF(LEFT(A75,3)="Câu","",B75),CHAR(34),CHAR(92)&CHAR(34)) | J72: =SUBSTITUTE(IF(OR(LEFT(A76,3)="Câu",I72=""),"",IF(B76=0,"",B76)),CHAR(34),CHAR(92)&CHAR(34)) | K72: =SUBSTITUTE(SUBSTITUTE(SUBSTITUTE(SUBSTITUTE(IFERROR(VLOOKUP("Câu "&D72&".",dapan!$E:$J,6,0),""),"1","A"),"2","B"),"3","C"),"4","D") | P72: =D72 | Q72: =IF(D72="","",CHAR(123)&CHAR(34)&"num"&CHAR(34)&":"&P72&","&CHAR(34)&"id"&CHAR(34)&":"&D72&"," &CHAR(34)&"q"&CHAR(34)&":"&CHAR(34)&E72&CHAR(34)&"," &IF(F72="","",CHAR(34)&"img"&CHAR(34)&":"&CHAR(34)&F72&CHAR(34)&",") &CHAR(34)&"opts"&CHAR(34)&":"&CHAR(123)&CHAR(34)&"A"&CHAR(34)&":"&CHAR(34)&G72&CHAR(34)&","&CHAR(34)&"B"&CHAR(34)&":"&CHAR(34)&H72&CHAR(34) &IF(I72="","",","&CHAR(34)&"C"&CHAR(34)&":"&CHAR(34)&I72&CHAR(34))&IF(J72="","",","&CHAR(34)&"D"&CHAR(34)&":"&CHAR(34)&J72&CHAR(34))&CHAR(125)&"," &CHAR(34)&"answer"&CHAR(34)&":"&CHAR(34)&K72&CHAR(34) &IF(L72="","",","&CHAR(34)&"danger"&CHAR(34)&":"&CHAR(34)&"true"&CHAR(34)) &IF(M72="","",","&CHAR(34)&"explain"&CHAR(34)&":"&CHAR(34)&M72&CHAR(34)) &IF(N72="","",","&CHAR(34)&"explainImg"&CHAR(34)&":"&CHAR(34)&N72&CHAR(34)) &IF(O72="","",","&CHAR(34)&"shuffle"&CHAR(34)&":"&CHAR(34)&"false"&CHAR(34))&CHAR(125)&",") | R72: =CHAR(S72) -> L | S72: =S71+1 -> 76
A73: 2 | B73: Rải vật sắc nhọn, đổ chất gây trơn trượt trên đường bộ. | C73: =IFERROR(COUNTIFS($A$1:A73,"Câu "&"*")-MID(A73,5,FIND(".",A73,1)-5),0) -> 0 | D73: =IF(LEFT(A73,3)="Câu",VALUE(MID(A73,5,FIND(".",A73,1)-5)),"") | E73: =SUBSTITUTE(IF(LEFT(A73,3)="Câu",MID(A73,FIND(".",A73,1)+2,LEN(A73)),""),CHAR(34),CHAR(92)&CHAR(34)) | G73: =SUBSTITUTE(B74,CHAR(34),CHAR(92)&CHAR(34)) -> Cả hai ý trên. | H73: =SUBSTITUTE(B75,CHAR(34),CHAR(92)&CHAR(34)) | I73: =SUBSTITUTE(IF(LEFT(A76,3)="Câu","",B76),CHAR(34),CHAR(92)&CHAR(34)) -> Không có chứng nhận kiểm định an toàn kỹ thuật và bảo vệ môi trường. | J73: =SUBSTITUTE(IF(OR(LEFT(A77,3)="Câu",I73=""),"",IF(B77=0,"",B77)),CHAR(34),CHAR(92)&CHAR(34)) -> Hết niên hạn sử dụng. | K73: =SUBSTITUTE(SUBSTITUTE(SUBSTITUTE(SUBSTITUTE(IFERROR(VLOOKUP("Câu "&D73&".",dapan!$E:$J,6,0),""),"1","A"),"2","B"),"3","C"),"4","D") | P73: =D73 | Q73: =IF(D73="","",CHAR(123)&CHAR(34)&"num"&CHAR(34)&":"&P73&","&CHAR(34)&"id"&CHAR(34)&":"&D73&"," &CHAR(34)&"q"&CHAR(34)&":"&CHAR(34)&E73&CHAR(34)&"," &IF(F73="","",CHAR(34)&"img"&CHAR(34)&":"&CHAR(34)&F73&CHAR(34)&",") &CHAR(34)&"opts"&CHAR(34)&":"&CHAR(123)&CHAR(34)&"A"&CHAR(34)&":"&CHAR(34)&G73&CHAR(34)&","&CHAR(34)&"B"&CHAR(34)&":"&CHAR(34)&H73&CHAR(34) &IF(I73="","",","&CHAR(34)&"C"&CHAR(34)&":"&CHAR(34)&I73&CHAR(34))&IF(J73="","",","&CHAR(34)&"D"&CHAR(34)&":"&CHAR(34)&J73&CHAR(34))&CHAR(125)&"," &CHAR(34)&"answer"&CHAR(34)&":"&CHAR(34)&K73&CHAR(34) &IF(L73="","",","&CHAR(34)&"danger"&CHAR(34)&":"&CHAR(34)&"true"&CHAR(34)) &IF(M73="","",","&CHAR(34)&"explain"&CHAR(34)&":"&CHAR(34)&M73&CHAR(34)) &IF(N73="","",","&CHAR(34)&"explainImg"&CHAR(34)&":"&CHAR(34)&N73&CHAR(34)) &IF(O73="","",","&CHAR(34)&"shuffle"&CHAR(34)&":"&CHAR(34)&"false"&CHAR(34))&CHAR(125)&",") | R73: =CHAR(S73) -> M | S73: =S72+1 -> 77
A74: 3 | B74: Cả hai ý trên. | C74: =IFERROR(COUNTIFS($A$1:A74,"Câu "&"*")-MID(A74,5,FIND(".",A74,1)-5),0) -> 0 | D74: =IF(LEFT(A74,3)="Câu",VALUE(MID(A74,5,FIND(".",A74,1)-5)),"") | E74: =SUBSTITUTE(IF(LEFT(A74,3)="Câu",MID(A74,FIND(".",A74,1)+2,LEN(A74)),""),CHAR(34),CHAR(92)&CHAR(34)) | G74: =SUBSTITUTE(B75,CHAR(34),CHAR(92)&CHAR(34)) | H74: =SUBSTITUTE(B76,CHAR(34),CHAR(92)&CHAR(34)) -> Không có chứng nhận kiểm định an toàn kỹ thuật và bảo vệ môi trường. | I74: =SUBSTITUTE(IF(LEFT(A77,3)="Câu","",B77),CHAR(34),CHAR(92)&CHAR(34)) -> Hết niên hạn sử dụng. | J74: =SUBSTITUTE(IF(OR(LEFT(A78,3)="Câu",I74=""),"",IF(B78=0,"",B78)),CHAR(34),CHAR(92)&CHAR(34)) -> Cả hai ý trên. | K74: =SUBSTITUTE(SUBSTITUTE(SUBSTITUTE(SUBSTITUTE(IFERROR(VLOOKUP("Câu "&D74&".",dapan!$E:$J,6,0),""),"1","A"),"2","B"),"3","C"),"4","D") | P74: =D74 | Q74: =IF(D74="","",CHAR(123)&CHAR(34)&"num"&CHAR(34)&":"&P74&","&CHAR(34)&"id"&CHAR(34)&":"&D74&"," &CHAR(34)&"q"&CHAR(34)&":"&CHAR(34)&E74&CHAR(34)&"," &IF(F74="","",CHAR(34)&"img"&CHAR(34)&":"&CHAR(34)&F74&CHAR(34)&",") &CHAR(34)&"opts"&CHAR(34)&":"&CHAR(123)&CHAR(34)&"A"&CHAR(34)&":"&CHAR(34)&G74&CHAR(34)&","&CHAR(34)&"B"&CHAR(34)&":"&CHAR(34)&H74&CHAR(34) &IF(I74="","",","&CHAR(34)&"C"&CHAR(34)&":"&CHAR(34)&I74&CHAR(34))&IF(J74="","",","&CHAR(34)&"D"&CHAR(34)&":"&CHAR(34)&J74&CHAR(34))&CHAR(125)&"," &CHAR(34)&"answer"&CHAR(34)&":"&CHAR(34)&K74&CHAR(34) &IF(L74="","",","&CHAR(34)&"danger"&CHAR(34)&":"&CHAR(34)&"true"&CHAR(34)) &IF(M74="","",","&CHAR(34)&"explain"&CHAR(34)&":"&CHAR(34)&M74&CHAR(34)) &IF(N74="","",","&CHAR(34)&"explainImg"&CHAR(34)&":"&CHAR(34)&N74&CHAR(34)) &IF(O74="","",","&CHAR(34)&"shuffle"&CHAR(34)&":"&CHAR(34)&"false"&CHAR(34))&CHAR(125)&",") | R74: =CHAR(S74) -> N | S74: =S73+1 -> 78
A75: Câu 20. Hành vi đưa xe cơ giới, xe máy chuyên dùng tham gia giao thông đường bộ nào dưới đây bị cấm? | C75: =IFERROR(COUNTIFS($A$1:A75,"Câu "&"*")-MID(A75,5,FIND(".",A75,1)-5),0) -> 0 | D75: =IF(LEFT(A75,3)="Câu",VALUE(MID(A75,5,FIND(".",A75,1)-5)),"") -> 20 | E75: =SUBSTITUTE(IF(LEFT(A75,3)="Câu",MID(A75,FIND(".",A75,1)+2,LEN(A75)),""),CHAR(34),CHAR(92)&CHAR(34)) -> Hành vi đưa xe cơ giới, xe máy chuyên dùng tham gia giao thông đường bộ nào dưới đây bị cấm? | G75: =SUBSTITUTE(B76,CHAR(34),CHAR(92)&CHAR(34)) -> Không có chứng nhận kiểm định an toàn kỹ thuật và bảo vệ môi trường. | H75: =SUBSTITUTE(B77,CHAR(34),CHAR(92)&CHAR(34)) -> Hết niên hạn sử dụng. | I75: =SUBSTITUTE(IF(LEFT(A78,3)="Câu","",B78),CHAR(34),CHAR(92)&CHAR(34)) -> Cả hai ý trên. | J75: =SUBSTITUTE(IF(OR(LEFT(A79,3)="Câu",I75=""),"",IF(B79=0,"",B79)),CHAR(34),CHAR(92)&CHAR(34)) | K75: =SUBSTITUTE(SUBSTITUTE(SUBSTITUTE(SUBSTITUTE(IFERROR(VLOOKUP("Câu "&D75&".",dapan!$E:$J,6,0),""),"1","A"),"2","B"),"3","C"),"4","D") -> C | P75: =D75 -> 20 | Q75: =IF(D75="","",CHAR(123)&CHAR(34)&"num"&CHAR(34)&":"&P75&","&CHAR(34)&"id"&CHAR(34)&":"&D75&"," &CHAR(34)&"q"&CHAR(34)&":"&CHAR(34)&E75&CHAR(34)&"," &IF(F75="","",CHAR(34)&"img"&CHAR(34)&":"&CHAR(34)&F75&CHAR(34)&",") &CHAR(34)&"opts"&CHAR(34)&":"&CHAR(123)&CHAR(34)&"A"&CHAR(34)&":"&CHAR(34)&G75&CHAR(34)&","&CHAR(34)&"B"&CHAR(34)&":"&CHAR(34)&H75&CHAR(34) &IF(I75="","",","&CHAR(34)&"C"&CHAR(34)&":"&CHAR(34)&I75&CHAR(34))&IF(J75="","",","&CHAR(34)&"D"&CHAR(34)&":"&CHAR(34)&J75&CHAR(34))&CHAR(125)&"," &CHAR(34)&"answer"&CHAR(34)&":"&CHAR(34)&K75&CHAR(34) &IF(L75="","",","&CHAR(34)&"danger"&CHAR(34)&":"&CHAR(34)&"true"&CHAR(34)) &IF(M75="","",","&CHAR(34)&"explain"&CHAR(34)&":"&CHAR(34)&M75&CHAR(34)) &IF(N75="","",","&CHAR(34)&"explainImg"&CHAR(34)&":"&CHAR(34)&N75&CHAR(34)) &IF(O75="","",","&CHAR(34)&"shuffle"&CHAR(34)&":"&CHAR(34)&"false"&CHAR(34))&CHAR(125)&",") -> {"num":20,"id":20,"q":"Hành vi đưa xe cơ giới, xe máy chuyên dùng tham gia giao thông đường bộ nào dưới đây bị cấm?","opts":{"A":"Không có chứng nhận kiểm định an toàn kỹ thuật và bảo vệ môi trường.","B":"Hết niên hạn sử dụng.","C":" Cả hai ý trên."},"answer":"C"}, | R75: =CHAR(S75) -> O | S75: =S74+1 -> 79
A76: 1 | B76: Không có chứng nhận kiểm định an toàn kỹ thuật và bảo vệ môi trường. | C76: =IFERROR(COUNTIFS($A$1:A76,"Câu "&"*")-MID(A76,5,FIND(".",A76,1)-5),0) -> 0 | D76: =IF(LEFT(A76,3)="Câu",VALUE(MID(A76,5,FIND(".",A76,1)-5)),"") | E76: =SUBSTITUTE(IF(LEFT(A76,3)="Câu",MID(A76,FIND(".",A76,1)+2,LEN(A76)),""),CHAR(34),CHAR(92)&CHAR(34)) | G76: =SUBSTITUTE(B77,CHAR(34),CHAR(92)&CHAR(34)) -> Hết niên hạn sử dụng. | H76: =SUBSTITUTE(B78,CHAR(34),CHAR(92)&CHAR(34)) -> Cả hai ý trên. | I76: =SUBSTITUTE(IF(LEFT(A79,3)="Câu","",B79),CHAR(34),CHAR(92)&CHAR(34)) | J76: =SUBSTITUTE(IF(OR(LEFT(A80,3)="Câu",I76=""),"",IF(B80=0,"",B80)),CHAR(34),CHAR(92)&CHAR(34)) | K76: =SUBSTITUTE(SUBSTITUTE(SUBSTITUTE(SUBSTITUTE(IFERROR(VLOOKUP("Câu "&D76&".",dapan!$E:$J,6,0),""),"1","A"),"2","B"),"3","C"),"4","D") | P76: =D76 | Q76: =IF(D76="","",CHAR(123)&CHAR(34)&"num"&CHAR(34)&":"&P76&","&CHAR(34)&"id"&CHAR(34)&":"&D76&"," &CHAR(34)&"q"&CHAR(34)&":"&CHAR(34)&E76&CHAR(34)&"," &IF(F76="","",CHAR(34)&"img"&CHAR(34)&":"&CHAR(34)&F76&CHAR(34)&",") &CHAR(34)&"opts"&CHAR(34)&":"&CHAR(123)&CHAR(34)&"A"&CHAR(34)&":"&CHAR(34)&G76&CHAR(34)&","&CHAR(34)&"B"&CHAR(34)&":"&CHAR(34)&H76&CHAR(34) &IF(I76="","",","&CHAR(34)&"C"&CHAR(34)&":"&CHAR(34)&I76&CHAR(34))&IF(J76="","",","&CHAR(34)&"D"&CHAR(34)&":"&CHAR(34)&J76&CHAR(34))&CHAR(125)&"," &CHAR(34)&"answer"&CHAR(34)&":"&CHAR(34)&K76&CHAR(34) &IF(L76="","",","&CHAR(34)&"danger"&CHAR(34)&":"&CHAR(34)&"true"&CHAR(34)) &IF(M76="","",","&CHAR(34)&"explain"&CHAR(34)&":"&CHAR(34)&M76&CHAR(34)) &IF(N76="","",","&CHAR(34)&"explainImg"&CHAR(34)&":"&CHAR(34)&N76&CHAR(34)) &IF(O76="","",","&CHAR(34)&"shuffle"&CHAR(34)&":"&CHAR(34)&"false"&CHAR(34))&CHAR(125)&",") | R76: =CHAR(S76) -> P | S76: =S75+1 -> 80
A77: 2 | B77: Hết niên hạn sử dụng. | C77: =IFERROR(COUNTIFS($A$1:A77,"Câu "&"*")-MID(A77,5,FIND(".",A77,1)-5),0) -> 0 | D77: =IF(LEFT(A77,3)="Câu",VALUE(MID(A77,5,FIND(".",A77,1)-5)),"") | E77: =SUBSTITUTE(IF(LEFT(A77,3)="Câu",MID(A77,FIND(".",A77,1)+2,LEN(A77)),""),CHAR(34),CHAR(92)&CHAR(34)) | G77: =SUBSTITUTE(B78,CHAR(34),CHAR(92)&CHAR(34)) -> Cả hai ý trên. | H77: =SUBSTITUTE(B79,CHAR(34),CHAR(92)&CHAR(34)) | I77: =SUBSTITUTE(IF(LEFT(A80,3)="Câu","",B80),CHAR(34),CHAR(92)&CHAR(34)) -> Trên đường phố không có người qua lại. | J77: =SUBSTITUTE(IF(OR(LEFT(A81,3)="Câu",I77=""),"",IF(B81=0,"",B81)),CHAR(34),CHAR(92)&CHAR(34)) -> Được người dân ủng hộ. | K77: =SUBSTITUTE(SUBSTITUTE(SUBSTITUTE(SUBSTITUTE(IFERROR(VLOOKUP("Câu "&D77&".",dapan!$E:$J,6,0),""),"1","A"),"2","B"),"3","C"),"4","D") | P77: =D77 | Q77: =IF(D77="","",CHAR(123)&CHAR(34)&"num"&CHAR(34)&":"&P77&","&CHAR(34)&"id"&CHAR(34)&":"&D77&"," &CHAR(34)&"q"&CHAR(34)&":"&CHAR(34)&E77&CHAR(34)&"," &IF(F77="","",CHAR(34)&"img"&CHAR(34)&":"&CHAR(34)&F77&CHAR(34)&",") &CHAR(34)&"opts"&CHAR(34)&":"&CHAR(123)&CHAR(34)&"A"&CHAR(34)&":"&CHAR(34)&G77&CHAR(34)&","&CHAR(34)&"B"&CHAR(34)&":"&CHAR(34)&H77&CHAR(34) &IF(I77="","",","&CHAR(34)&"C"&CHAR(34)&":"&CHAR(34)&I77&CHAR(34))&IF(J77="","",","&CHAR(34)&"D"&CHAR(34)&":"&CHAR(34)&J77&CHAR(34))&CHAR(125)&"," &CHAR(34)&"answer"&CHAR(34)&":"&CHAR(34)&K77&CHAR(34) &IF(L77="","",","&CHAR(34)&"danger"&CHAR(34)&":"&CHAR(34)&"true"&CHAR(34)) &IF(M77="","",","&CHAR(34)&"explain"&CHAR(34)&":"&CHAR(34)&M77&CHAR(34)) &IF(N77="","",","&CHAR(34)&"explainImg"&CHAR(34)&":"&CHAR(34)&N77&CHAR(34)) &IF(O77="","",","&CHAR(34)&"shuffle"&CHAR(34)&":"&CHAR(34)&"false"&CHAR(34))&CHAR(125)&",") | R77: =CHAR(S77) -> Q | S77: =S76+1 -> 81
A78: 3 | B78: Cả hai ý trên. | C78: =IFERROR(COUNTIFS($A$1:A78,"Câu "&"*")-MID(A78,5,FIND(".",A78,1)-5),0) -> 0 | D78: =IF(LEFT(A78,3)="Câu",VALUE(MID(A78,5,FIND(".",A78,1)-5)),"") | E78: =SUBSTITUTE(IF(LEFT(A78,3)="Câu",MID(A78,FIND(".",A78,1)+2,LEN(A78)),""),CHAR(34),CHAR(92)&CHAR(34)) | G78: =SUBSTITUTE(B79,CHAR(34),CHAR(92)&CHAR(34)) | H78: =SUBSTITUTE(B80,CHAR(34),CHAR(92)&CHAR(34)) -> Trên đường phố không có người qua lại. | I78: =SUBSTITUTE(IF(LEFT(A81,3)="Câu","",B81),CHAR(34),CHAR(92)&CHAR(34)) -> Được người dân ủng hộ. | J78: =SUBSTITUTE(IF(OR(LEFT(A82,3)="Câu",I78=""),"",IF(B82=0,"",B82)),CHAR(34),CHAR(92)&CHAR(34)) -> Được cơ quan có thẩm quyền cấp phép. | K78: =SUBSTITUTE(SUBSTITUTE(SUBSTITUTE(SUBSTITUTE(IFERROR(VLOOKUP("Câu "&D78&".",dapan!$E:$J,6,0),""),"1","A"),"2","B"),"3","C"),"4","D") | P78: =D78 | Q78: =IF(D78="","",CHAR(123)&CHAR(34)&"num"&CHAR(34)&":"&P78&","&CHAR(34)&"id"&CHAR(34)&":"&D78&"," &CHAR(34)&"q"&CHAR(34)&":"&CHAR(34)&E78&CHAR(34)&"," &IF(F78="","",CHAR(34)&"img"&CHAR(34)&":"&CHAR(34)&F78&CHAR(34)&",") &CHAR(34)&"opts"&CHAR(34)&":"&CHAR(123)&CHAR(34)&"A"&CHAR(34)&":"&CHAR(34)&G78&CHAR(34)&","&CHAR(34)&"B"&CHAR(34)&":"&CHAR(34)&H78&CHAR(34) &IF(I78="","",","&CHAR(34)&"C"&CHAR(34)&":"&CHAR(34)&I78&CHAR(34))&IF(J78="","",","&CHAR(34)&"D"&CHAR(34)&":"&CHAR(34)&J78&CHAR(34))&CHAR(125)&"," &CHAR(34)&"answer"&CHAR(34)&":"&CHAR(34)&K78&CHAR(34) &IF(L78="","",","&CHAR(34)&"danger"&CHAR(34)&":"&CHAR(34)&"true"&CHAR(34)) &IF(M78="","",","&CHAR(34)&"explain"&CHAR(34)&":"&CHAR(34)&M78&CHAR(34)) &IF(N78="","",","&CHAR(34)&"explainImg"&CHAR(34)&":"&CHAR(34)&N78&CHAR(34)) &IF(O78="","",","&CHAR(34)&"shuffle"&CHAR(34)&":"&CHAR(34)&"false"&CHAR(34))&CHAR(125)&",") | R78: =CHAR(S78) -> R | S78: =S77+1 -> 82
A79: Câu 21. Tổ chức đua xe được phép thực hiện khi nào? | C79: =IFERROR(COUNTIFS($A$1:A79,"Câu "&"*")-MID(A79,5,FIND(".",A79,1)-5),0) -> 0 | D79: =IF(LEFT(A79,3)="Câu",VALUE(MID(A79,5,FIND(".",A79,1)-5)),"") -> 21 | E79: =SUBSTITUTE(IF(LEFT(A79,3)="Câu",MID(A79,FIND(".",A79,1)+2,LEN(A79)),""),CHAR(34),CHAR(92)&CHAR(34)) -> Tổ chức đua xe được phép thực hiện khi nào? | G79: =SUBSTITUTE(B80,CHAR(34),CHAR(92)&CHAR(34)) -> Trên đường phố không có người qua lại. | H79: =SUBSTITUTE(B81,CHAR(34),CHAR(92)&CHAR(34)) -> Được người dân ủng hộ. | I79: =SUBSTITUTE(IF(LEFT(A82,3)="Câu","",B82),CHAR(34),CHAR(92)&CHAR(34)) -> Được cơ quan có thẩm quyền cấp phép. | J79: =SUBSTITUTE(IF(OR(LEFT(A83,3)="Câu",I79=""),"",IF(B83=0,"",B83)),CHAR(34),CHAR(92)&CHAR(34)) | K79: =SUBSTITUTE(SUBSTITUTE(SUBSTITUTE(SUBSTITUTE(IFERROR(VLOOKUP("Câu "&D79&".",dapan!$E:$J,6,0),""),"1","A"),"2","B"),"3","C"),"4","D") -> C | P79: =D79 -> 21 | Q79: =IF(D79="","",CHAR(123)&CHAR(34)&"num"&CHAR(34)&":"&P79&","&CHAR(34)&"id"&CHAR(34)&":"&D79&"," &CHAR(34)&"q"&CHAR(34)&":"&CHAR(34)&E79&CHAR(34)&"," &IF(F79="","",CHAR(34)&"img"&CHAR(34)&":"&CHAR(34)&F79&CHAR(34)&",") &CHAR(34)&"opts"&CHAR(34)&":"&CHAR(123)&CHAR(34)&"A"&CHAR(34)&":"&CHAR(34)&G79&CHAR(34)&","&CHAR(34)&"B"&CHAR(34)&":"&CHAR(34)&H79&CHAR(34) &IF(I79="","",","&CHAR(34)&"C"&CHAR(34)&":"&CHAR(34)&I79&CHAR(34))&IF(J79="","",","&CHAR(34)&"D"&CHAR(34)&":"&CHAR(34)&J79&CHAR(34))&CHAR(125)&"," &CHAR(34)&"answer"&CHAR(34)&":"&CHAR(34)&K79&CHAR(34) &IF(L79="","",","&CHAR(34)&"danger"&CHAR(34)&":"&CHAR(34)&"true"&CHAR(34)) &IF(M79="","",","&CHAR(34)&"explain"&CHAR(34)&":"&CHAR(34)&M79&CHAR(34)) &IF(N79="","",","&CHAR(34)&"explainImg"&CHAR(34)&":"&CHAR(34)&N79&CHAR(34)) &IF(O79="","",","&CHAR(34)&"shuffle"&CHAR(34)&":"&CHAR(34)&"false"&CHAR(34))&CHAR(125)&",") -> {"num":21,"id":21,"q":"Tổ chức đua xe được phép thực hiện khi nào?","opts":{"A":"Trên đường phố không có người qua lại.","B":"Được người dân ủng hộ.","C":" Được cơ quan có thẩm quyền cấp phép."},"answer":"C"}, | R79: =CHAR(S79) -> S | S79: =S78+1 -> 83
A80: 1 | B80: Trên đường phố không có người qua lại. | C80: =IFERROR(COUNTIFS($A$1:A80,"Câu "&"*")-MID(A80,5,FIND(".",A80,1)-5),0) -> 0 | D80: =IF(LEFT(A80,3)="Câu",VALUE(MID(A80,5,FIND(".",A80,1)-5)),"") | E80: =SUBSTITUTE(IF(LEFT(A80,3)="Câu",MID(A80,FIND(".",A80,1)+2,LEN(A80)),""),CHAR(34),CHAR(92)&CHAR(34)) | G80: =SUBSTITUTE(B81,CHAR(34),CHAR(92)&CHAR(34)) -> Được người dân ủng hộ. | H80: =SUBSTITUTE(B82,CHAR(34),CHAR(92)&CHAR(34)) -> Được cơ quan có thẩm quyền cấp phép. | I80: =SUBSTITUTE(IF(LEFT(A83,3)="Câu","",B83),CHAR(34),CHAR(92)&CHAR(34)) | J80: =SUBSTITUTE(IF(OR(LEFT(A84,3)="Câu",I80=""),"",IF(B84=0,"",B84)),CHAR(34),CHAR(92)&CHAR(34)) | K80: =SUBSTITUTE(SUBSTITUTE(SUBSTITUTE(SUBSTITUTE(IFERROR(VLOOKUP("Câu "&D80&".",dapan!$E:$J,6,0),""),"1","A"),"2","B"),"3","C"),"4","D") | P80: =D80 | Q80: =IF(D80="","",CHAR(123)&CHAR(34)&"num"&CHAR(34)&":"&P80&","&CHAR(34)&"id"&CHAR(34)&":"&D80&"," &CHAR(34)&"q"&CHAR(34)&":"&CHAR(34)&E80&CHAR(34)&"," &IF(F80="","",CHAR(34)&"img"&CHAR(34)&":"&CHAR(34)&F80&CHAR(34)&",") &CHAR(34)&"opts"&CHAR(34)&":"&CHAR(123)&CHAR(34)&"A"&CHAR(34)&":"&CHAR(34)&G80&CHAR(34)&","&CHAR(34)&"B"&CHAR(34)&":"&CHAR(34)&H80&CHAR(34) &IF(I80="","",","&CHAR(34)&"C"&CHAR(34)&":"&CHAR(34)&I80&CHAR(34))&IF(J80="","",","&CHAR(34)&"D"&CHAR(34)&":"&CHAR(34)&J80&CHAR(34))&CHAR(125)&"," &CHAR(34)&"answer"&CHAR(34)&":"&CHAR(34)&K80&CHAR(34) &IF(L80="","",","&CHAR(34)&"danger"&CHAR(34)&":"&CHAR(34)&"true"&CHAR(34)) &IF(M80="","",","&CHAR(34)&"explain"&CHAR(34)&":"&CHAR(34)&M80&CHAR(34)) &IF(N80="","",","&CHAR(34)&"explainImg"&CHAR(34)&":"&CHAR(34)&N80&CHAR(34)) &IF(O80="","",","&CHAR(34)&"shuffle"&CHAR(34)&":"&CHAR(34)&"false"&CHAR(34))&CHAR(125)&",") | R80: =CHAR(S80) -> T | S80: =S79+1 -> 84
A81: 2 | B81: Được người dân ủng hộ. | C81: =IFERROR(COUNTIFS($A$1:A81,"Câu "&"*")-MID(A81,5,FIND(".",A81,1)-5),0) -> 0 | D81: =IF(LEFT(A81,3)="Câu",VALUE(MID(A81,5,FIND(".",A81,1)-5)),"") | E81: =SUBSTITUTE(IF(LEFT(A81,3)="Câu",MID(A81,FIND(".",A81,1)+2,LEN(A81)),""),CHAR(34),CHAR(92)&CHAR(34)) | G81: =SUBSTITUTE(B82,CHAR(34),CHAR(92)&CHAR(34)) -> Được cơ quan có thẩm quyền cấp phép. | H81: =SUBSTITUTE(B83,CHAR(34),CHAR(92)&CHAR(34)) | I81: =SUBSTITUTE(IF(LEFT(A84,3)="Câu","",B84),CHAR(34),CHAR(92)&CHAR(34)) -> Chỉ bị nhắc nhở. | J81: =SUBSTITUTE(IF(OR(LEFT(A85,3)="Câu",I81=""),"",IF(B85=0,"",B85)),CHAR(34),CHAR(92)&CHAR(34)) -> Tùy theo mức độ của hành vi vi phạm có thể bị xử lý hành chính hoặc xử lý hình sự. | K81: =SUBSTITUTE(SUBSTITUTE(SUBSTITUTE(SUBSTITUTE(IFERROR(VLOOKUP("Câu "&D81&".",dapan!$E:$J,6,0),""),"1","A"),"2","B"),"3","C"),"4","D") | P81: =D81 | Q81: =IF(D81="","",CHAR(123)&CHAR(34)&"num"&CHAR(34)&":"&P81&","&CHAR(34)&"id"&CHAR(34)&":"&D81&"," &CHAR(34)&"q"&CHAR(34)&":"&CHAR(34)&E81&CHAR(34)&"," &IF(F81="","",CHAR(34)&"img"&CHAR(34)&":"&CHAR(34)&F81&CHAR(34)&",") &CHAR(34)&"opts"&CHAR(34)&":"&CHAR(123)&CHAR(34)&"A"&CHAR(34)&":"&CHAR(34)&G81&CHAR(34)&","&CHAR(34)&"B"&CHAR(34)&":"&CHAR(34)&H81&CHAR(34) &IF(I81="","",","&CHAR(34)&"C"&CHAR(34)&":"&CHAR(34)&I81&CHAR(34))&IF(J81="","",","&CHAR(34)&"D"&CHAR(34)&":"&CHAR(34)&J81&CHAR(34))&CHAR(125)&"," &CHAR(34)&"answer"&CHAR(34)&":"&CHAR(34)&K81&CHAR(34) &IF(L81="","",","&CHAR(34)&"danger"&CHAR(34)&":"&CHAR(34)&"true"&CHAR(34)) &IF(M81="","",","&CHAR(34)&"explain"&CHAR(34)&":"&CHAR(34)&M81&CHAR(34)) &IF(N81="","",","&CHAR(34)&"explainImg"&CHAR(34)&":"&CHAR(34)&N81&CHAR(34)) &IF(O81="","",","&CHAR(34)&"shuffle"&CHAR(34)&":"&CHAR(34)&"false"&CHAR(34))&CHAR(125)&",") | R81: =CHAR(S81) -> U | S81: =S80+1 -> 85
A82: 3 | B82: Được cơ quan có thẩm quyền cấp phép. | C82: =IFERROR(COUNTIFS($A$1:A82,"Câu "&"*")-MID(A82,5,FIND(".",A82,1)-5),0) -> 0 | D82: =IF(LEFT(A82,3)="Câu",VALUE(MID(A82,5,FIND(".",A82,1)-5)),"") | E82: =SUBSTITUTE(IF(LEFT(A82,3)="Câu",MID(A82,FIND(".",A82,1)+2,LEN(A82)),""),CHAR(34),CHAR(92)&CHAR(34)) | G82: =SUBSTITUTE(B83,CHAR(34),CHAR(92)&CHAR(34)) | H82: =SUBSTITUTE(B84,CHAR(34),CHAR(92)&CHAR(34)) -> Chỉ bị nhắc nhở. | I82: =SUBSTITUTE(IF(LEFT(A85,3)="Câu","",B85),CHAR(34),CHAR(92)&CHAR(34)) -> Tùy theo mức độ của hành vi vi phạm có thể bị xử lý hành chính hoặc xử lý hình sự. | J82: =SUBSTITUTE(IF(OR(LEFT(A86,3)="Câu",I82=""),"",IF(B86=0,"",B86)),CHAR(34),CHAR(92)&CHAR(34)) | K82: =SUBSTITUTE(SUBSTITUTE(SUBSTITUTE(SUBSTITUTE(IFERROR(VLOOKUP("Câu "&D82&".",dapan!$E:$J,6,0),""),"1","A"),"2","B"),"3","C"),"4","D") | P82: =D82 | Q82: =IF(D82="","",CHAR(123)&CHAR(34)&"num"&CHAR(34)&":"&P82&","&CHAR(34)&"id"&CHAR(34)&":"&D82&"," &CHAR(34)&"q"&CHAR(34)&":"&CHAR(34)&E82&CHAR(34)&"," &IF(F82="","",CHAR(34)&"img"&CHAR(34)&":"&CHAR(34)&F82&CHAR(34)&",") &CHAR(34)&"opts"&CHAR(34)&":"&CHAR(123)&CHAR(34)&"A"&CHAR(34)&":"&CHAR(34)&G82&CHAR(34)&","&CHAR(34)&"B"&CHAR(34)&":"&CHAR(34)&H82&CHAR(34) &IF(I82="","",","&CHAR(34)&"C"&CHAR(34)&":"&CHAR(34)&I82&CHAR(34))&IF(J82="","",","&CHAR(34)&"D"&CHAR(34)&":"&CHAR(34)&J82&CHAR(34))&CHAR(125)&"," &CHAR(34)&"answer"&CHAR(34)&":"&CHAR(34)&K82&CHAR(34) &IF(L82="","",","&CHAR(34)&"danger"&CHAR(34)&":"&CHAR(34)&"true"&CHAR(34)) &IF(M82="","",","&CHAR(34)&"explain"&CHAR(34)&":"&CHAR(34)&M82&CHAR(34)) &IF(N82="","",","&CHAR(34)&"explainImg"&CHAR(34)&":"&CHAR(34)&N82&CHAR(34)) &IF(O82="","",","&CHAR(34)&"shuffle"&CHAR(34)&":"&CHAR(34)&"false"&CHAR(34))&CHAR(125)&",") | R82: =CHAR(S82) -> V | S82: =S81+1 -> 86
A83: Câu 22. Hành vi đua xe trái phép bị xử lý như thế nào? | C83: =IFERROR(COUNTIFS($A$1:A83,"Câu "&"*")-MID(A83,5,FIND(".",A83,1)-5),0) -> 0 | D83: =IF(LEFT(A83,3)="Câu",VALUE(MID(A83,5,FIND(".",A83,1)-5)),"") -> 22 | E83: =SUBSTITUTE(IF(LEFT(A83,3)="Câu",MID(A83,FIND(".",A83,1)+2,LEN(A83)),""),CHAR(34),CHAR(92)&CHAR(34)) -> Hành vi đua xe trái phép bị xử lý như thế nào? | G83: =SUBSTITUTE(B84,CHAR(34),CHAR(92)&CHAR(34)) -> Chỉ bị nhắc nhở. | H83: =SUBSTITUTE(B85,CHAR(34),CHAR(92)&CHAR(34)) -> Tùy theo mức độ của hành vi vi phạm có thể bị xử lý hành chính hoặc xử lý hình sự. | I83: =SUBSTITUTE(IF(LEFT(A86,3)="Câu","",B86),CHAR(34),CHAR(92)&CHAR(34)) | J83: =SUBSTITUTE(IF(OR(LEFT(A87,3)="Câu",I83=""),"",IF(B87=0,"",B87)),CHAR(34),CHAR(92)&CHAR(34)) | K83: =SUBSTITUTE(SUBSTITUTE(SUBSTITUTE(SUBSTITUTE(IFERROR(VLOOKUP("Câu "&D83&".",dapan!$E:$J,6,0),""),"1","A"),"2","B"),"3","C"),"4","D") -> B | P83: =D83 -> 22 | Q83: =IF(D83="","",CHAR(123)&CHAR(34)&"num"&CHAR(34)&":"&P83&","&CHAR(34)&"id"&CHAR(34)&":"&D83&"," &CHAR(34)&"q"&CHAR(34)&":"&CHAR(34)&E83&CHAR(34)&"," &IF(F83="","",CHAR(34)&"img"&CHAR(34)&":"&CHAR(34)&F83&CHAR(34)&",") &CHAR(34)&"opts"&CHAR(34)&":"&CHAR(123)&CHAR(34)&"A"&CHAR(34)&":"&CHAR(34)&G83&CHAR(34)&","&CHAR(34)&"B"&CHAR(34)&":"&CHAR(34)&H83&CHAR(34) &IF(I83="","",","&CHAR(34)&"C"&CHAR(34)&":"&CHAR(34)&I83&CHAR(34))&IF(J83="","",","&CHAR(34)&"D"&CHAR(34)&":"&CHAR(34)&J83&CHAR(34))&CHAR(125)&"," &CHAR(34)&"answer"&CHAR(34)&":"&CHAR(34)&K83&CHAR(34) &IF(L83="","",","&CHAR(34)&"danger"&CHAR(34)&":"&CHAR(34)&"true"&CHAR(34)) &IF(M83="","",","&CHAR(34)&"explain"&CHAR(34)&":"&CHAR(34)&M83&CHAR(34)) &IF(N83="","",","&CHAR(34)&"explainImg"&CHAR(34)&":"&CHAR(34)&N83&CHAR(34)) &IF(O83="","",","&CHAR(34)&"shuffle"&CHAR(34)&":"&CHAR(34)&"false"&CHAR(34))&CHAR(125)&",") -> {"num":22,"id":22,"q":"Hành vi đua xe trái phép bị xử lý như thế nào?","opts":{"A":"Chỉ bị nhắc nhở.","B":" Tùy theo mức độ của hành vi vi phạm có thể bị xử lý hành chính hoặc xử lý hình sự."},"answer":"B"}, | R83: =CHAR(S83) -> W | S83: =S82+1 -> 87
A84: 1 | B84: Chỉ bị nhắc nhở. | C84: =IFERROR(COUNTIFS($A$1:A84,"Câu "&"*")-MID(A84,5,FIND(".",A84,1)-5),0) -> 0 | D84: =IF(LEFT(A84,3)="Câu",VALUE(MID(A84,5,FIND(".",A84,1)-5)),"") | E84: =SUBSTITUTE(IF(LEFT(A84,3)="Câu",MID(A84,FIND(".",A84,1)+2,LEN(A84)),""),CHAR(34),CHAR(92)&CHAR(34)) | G84: =SUBSTITUTE(B85,CHAR(34),CHAR(92)&CHAR(34)) -> Tùy theo mức độ của hành vi vi phạm có thể bị xử lý hành chính hoặc xử lý hình sự. | H84: =SUBSTITUTE(B86,CHAR(34),CHAR(92)&CHAR(34)) | I84: =SUBSTITUTE(IF(LEFT(A87,3)="Câu","",B87),CHAR(34),CHAR(92)&CHAR(34)) -> Bị phạt tiền. | J84: =SUBSTITUTE(IF(OR(LEFT(A88,3)="Câu",I84=""),"",IF(B88=0,"",B88)),CHAR(34),CHAR(92)&CHAR(34)) -> Bị tước giấy phép lái xe. | K84: =SUBSTITUTE(SUBSTITUTE(SUBSTITUTE(SUBSTITUTE(IFERROR(VLOOKUP("Câu "&D84&".",dapan!$E:$J,6,0),""),"1","A"),"2","B"),"3","C"),"4","D") | P84: =D84 | Q84: =IF(D84="","",CHAR(123)&CHAR(34)&"num"&CHAR(34)&":"&P84&","&CHAR(34)&"id"&CHAR(34)&":"&D84&"," &CHAR(34)&"q"&CHAR(34)&":"&CHAR(34)&E84&CHAR(34)&"," &IF(F84="","",CHAR(34)&"img"&CHAR(34)&":"&CHAR(34)&F84&CHAR(34)&",") &CHAR(34)&"opts"&CHAR(34)&":"&CHAR(123)&CHAR(34)&"A"&CHAR(34)&":"&CHAR(34)&G84&CHAR(34)&","&CHAR(34)&"B"&CHAR(34)&":"&CHAR(34)&H84&CHAR(34) &IF(I84="","",","&CHAR(34)&"C"&CHAR(34)&":"&CHAR(34)&I84&CHAR(34))&IF(J84="","",","&CHAR(34)&"D"&CHAR(34)&":"&CHAR(34)&J84&CHAR(34))&CHAR(125)&"," &CHAR(34)&"answer"&CHAR(34)&":"&CHAR(34)&K84&CHAR(34) &IF(L84="","",","&CHAR(34)&"danger"&CHAR(34)&":"&CHAR(34)&"true"&CHAR(34)) &IF(M84="","",","&CHAR(34)&"explain"&CHAR(34)&":"&CHAR(34)&M84&CHAR(34)) &IF(N84="","",","&CHAR(34)&"explainImg"&CHAR(34)&":"&CHAR(34)&N84&CHAR(34)) &IF(O84="","",","&CHAR(34)&"shuffle"&CHAR(34)&":"&CHAR(34)&"false"&CHAR(34))&CHAR(125)&",") | R84: =CHAR(S84) -> X | S84: =S83+1 -> 88
A85: 2 | B85: Tùy theo mức độ của hành vi vi phạm có thể bị xử lý hành chính hoặc xử lý hình sự. | C85: =IFERROR(COUNTIFS($A$1:A85,"Câu "&"*")-MID(A85,5,FIND(".",A85,1)-5),0) -> 0 | D85: =IF(LEFT(A85,3)="Câu",VALUE(MID(A85,5,FIND(".",A85,1)-5)),"") | E85: =SUBSTITUTE(IF(LEFT(A85,3)="Câu",MID(A85,FIND(".",A85,1)+2,LEN(A85)),""),CHAR(34),CHAR(92)&CHAR(34)) | G85: =SUBSTITUTE(B86,CHAR(34),CHAR(92)&CHAR(34)) | H85: =SUBSTITUTE(B87,CHAR(34),CHAR(92)&CHAR(34)) -> Bị phạt tiền. | I85: =SUBSTITUTE(IF(LEFT(A88,3)="Câu","",B88),CHAR(34),CHAR(92)&CHAR(34)) -> Bị tước giấy phép lái xe. | J85: =SUBSTITUTE(IF(OR(LEFT(A89,3)="Câu",I85=""),"",IF(B89=0,"",B89)),CHAR(34),CHAR(92)&CHAR(34)) -> Cả hai ý trên. | K85: =SUBSTITUTE(SUBSTITUTE(SUBSTITUTE(SUBSTITUTE(IFERROR(VLOOKUP("Câu "&D85&".",dapan!$E:$J,6,0),""),"1","A"),"2","B"),"3","C"),"4","D") | P85: =D85 | Q85: =IF(D85="","",CHAR(123)&CHAR(34)&"num"&CHAR(34)&":"&P85&","&CHAR(34)&"id"&CHAR(34)&":"&D85&"," &CHAR(34)&"q"&CHAR(34)&":"&CHAR(34)&E85&CHAR(34)&"," &IF(F85="","",CHAR(34)&"img"&CHAR(34)&":"&CHAR(34)&F85&CHAR(34)&",") &CHAR(34)&"opts"&CHAR(34)&":"&CHAR(123)&CHAR(34)&"A"&CHAR(34)&":"&CHAR(34)&G85&CHAR(34)&","&CHAR(34)&"B"&CHAR(34)&":"&CHAR(34)&H85&CHAR(34) &IF(I85="","",","&CHAR(34)&"C"&CHAR(34)&":"&CHAR(34)&I85&CHAR(34))&IF(J85="","",","&CHAR(34)&"D"&CHAR(34)&":"&CHAR(34)&J85&CHAR(34))&CHAR(125)&"," &CHAR(34)&"answer"&CHAR(34)&":"&CHAR(34)&K85&CHAR(34) &IF(L85="","",","&CHAR(34)&"danger"&CHAR(34)&":"&CHAR(34)&"true"&CHAR(34)) &IF(M85="","",","&CHAR(34)&"explain"&CHAR(34)&":"&CHAR(34)&M85&CHAR(34)) &IF(N85="","",","&CHAR(34)&"explainImg"&CHAR(34)&":"&CHAR(34)&N85&CHAR(34)) &IF(O85="","",","&CHAR(34)&"shuffle"&CHAR(34)&":"&CHAR(34)&"false"&CHAR(34))&CHAR(125)&",") | R85: =CHAR(S85) -> Y | S85: =S84+1 -> 89
A86: Câu 23. Hành vi của người điều khiển xe ô tô và các loại xe tương tự khi tham gia giao thông đường bộ mà trong cơ thể có chất ma túy thì bị áp dụng hình thức xử phạt vi phạm hành chính nào dưới đây? | C86: =IFERROR(COUNTIFS($A$1:A86,"Câu "&"*")-MID(A86,5,FIND(".",A86,1)-5),0) -> 0 | D86: =IF(LEFT(A86,3)="Câu",VALUE(MID(A86,5,FIND(".",A86,1)-5)),"") -> 23 | E86: =SUBSTITUTE(IF(LEFT(A86,3)="Câu",MID(A86,FIND(".",A86,1)+2,LEN(A86)),""),CHAR(34),CHAR(92)&CHAR(34)) -> Hành vi của người điều khiển xe ô tô và các loại xe tương tự khi tham gia giao thông đường bộ mà trong cơ thể có chất ma túy thì bị áp dụng hình thức xử phạt vi phạm hành chính nào dưới đây? | G86: =SUBSTITUTE(B87,CHAR(34),CHAR(92)&CHAR(34)) -> Bị phạt tiền. | H86: =SUBSTITUTE(B88,CHAR(34),CHAR(92)&CHAR(34)) -> Bị tước giấy phép lái xe. | I86: =SUBSTITUTE(IF(LEFT(A89,3)="Câu","",B89),CHAR(34),CHAR(92)&CHAR(34)) -> Cả hai ý trên. | J86: =SUBSTITUTE(IF(OR(LEFT(A90,3)="Câu",I86=""),"",IF(B90=0,"",B90)),CHAR(34),CHAR(92)&CHAR(34)) | K86: =SUBSTITUTE(SUBSTITUTE(SUBSTITUTE(SUBSTITUTE(IFERROR(VLOOKUP("Câu "&D86&".",dapan!$E:$J,6,0),""),"1","A"),"2","B"),"3","C"),"4","D") -> C | P86: =D86 -> 23 | Q86: =IF(D86="","",CHAR(123)&CHAR(34)&"num"&CHAR(34)&":"&P86&","&CHAR(34)&"id"&CHAR(34)&":"&D86&"," &CHAR(34)&"q"&CHAR(34)&":"&CHAR(34)&E86&CHAR(34)&"," &IF(F86="","",CHAR(34)&"img"&CHAR(34)&":"&CHAR(34)&F86&CHAR(34)&",") &CHAR(34)&"opts"&CHAR(34)&":"&CHAR(123)&CHAR(34)&"A"&CHAR(34)&":"&CHAR(34)&G86&CHAR(34)&","&CHAR(34)&"B"&CHAR(34)&":"&CHAR(34)&H86&CHAR(34) &IF(I86="","",","&CHAR(34)&"C"&CHAR(34)&":"&CHAR(34)&I86&CHAR(34))&IF(J86="","",","&CHAR(34)&"D"&CHAR(34)&":"&CHAR(34)&J86&CHAR(34))&CHAR(125)&"," &CHAR(34)&"answer"&CHAR(34)&":"&CHAR(34)&K86&CHAR(34) &IF(L86="","",","&CHAR(34)&"danger"&CHAR(34)&":"&CHAR(34)&"true"&CHAR(34)) &IF(M86="","",","&CHAR(34)&"explain"&CHAR(34)&":"&CHAR(34)&M86&CHAR(34)) &IF(N86="","",","&CHAR(34)&"explainImg"&CHAR(34)&":"&CHAR(34)&N86&CHAR(34)) &IF(O86="","",","&CHAR(34)&"shuffle"&CHAR(34)&":"&CHAR(34)&"false"&CHAR(34))&CHAR(125)&",") -> {"num":23,"id":23,"q":"Hành vi của người điều khiển xe ô tô và các loại xe tương tự khi tham gia giao thông đường bộ mà trong cơ thể có chất ma túy thì bị áp dụng hình thức xử phạt vi phạm hành chính nào dưới đây?","opts":{"A":"Bị phạt tiền.","B":"Bị tước giấy phép lái xe.","C":" Cả hai ý trên."},"answer":"C"}, | R86: =CHAR(S86) -> Z | S86: =S85+1 -> 90
A87: 1 | B87: Bị phạt tiền. | C87: =IFERROR(COUNTIFS($A$1:A87,"Câu "&"*")-MID(A87,5,FIND(".",A87,1)-5),0) -> 0 | D87: =IF(LEFT(A87,3)="Câu",VALUE(MID(A87,5,FIND(".",A87,1)-5)),"") | E87: =SUBSTITUTE(IF(LEFT(A87,3)="Câu",MID(A87,FIND(".",A87,1)+2,LEN(A87)),""),CHAR(34),CHAR(92)&CHAR(34)) | G87: =SUBSTITUTE(B88,CHAR(34),CHAR(92)&CHAR(34)) -> Bị tước giấy phép lái xe. | H87: =SUBSTITUTE(B89,CHAR(34),CHAR(92)&CHAR(34)) -> Cả hai ý trên. | I87: =SUBSTITUTE(IF(LEFT(A90,3)="Câu","",B90),CHAR(34),CHAR(92)&CHAR(34)) | J87: =SUBSTITUTE(IF(OR(LEFT(A91,3)="Câu",I87=""),"",IF(B91=0,"",B91)),CHAR(34),CHAR(92)&CHAR(34)) | K87: =SUBSTITUTE(SUBSTITUTE(SUBSTITUTE(SUBSTITUTE(IFERROR(VLOOKUP("Câu "&D87&".",dapan!$E:$J,6,0),""),"1","A"),"2","B"),"3","C"),"4","D") | P87: =D87 | Q87: =IF(D87="","",CHAR(123)&CHAR(34)&"num"&CHAR(34)&":"&P87&","&CHAR(34)&"id"&CHAR(34)&":"&D87&"," &CHAR(34)&"q"&CHAR(34)&":"&CHAR(34)&E87&CHAR(34)&"," &IF(F87="","",CHAR(34)&"img"&CHAR(34)&":"&CHAR(34)&F87&CHAR(34)&",") &CHAR(34)&"opts"&CHAR(34)&":"&CHAR(123)&CHAR(34)&"A"&CHAR(34)&":"&CHAR(34)&G87&CHAR(34)&","&CHAR(34)&"B"&CHAR(34)&":"&CHAR(34)&H87&CHAR(34) &IF(I87="","",","&CHAR(34)&"C"&CHAR(34)&":"&CHAR(34)&I87&CHAR(34))&IF(J87="","",","&CHAR(34)&"D"&CHAR(34)&":"&CHAR(34)&J87&CHAR(34))&CHAR(125)&"," &CHAR(34)&"answer"&CHAR(34)&":"&CHAR(34)&K87&CHAR(34) &IF(L87="","",","&CHAR(34)&"danger"&CHAR(34)&":"&CHAR(34)&"true"&CHAR(34)) &IF(M87="","",","&CHAR(34)&"explain"&CHAR(34)&":"&CHAR(34)&M87&CHAR(34)) &IF(N87="","",","&CHAR(34)&"explainImg"&CHAR(34)&":"&CHAR(34)&N87&CHAR(34)) &IF(O87="","",","&CHAR(34)&"shuffle"&CHAR(34)&":"&CHAR(34)&"false"&CHAR(34))&CHAR(125)&",") | R87: =CHAR(S87) -> [ | S87: =S86+1 -> 91
A88: 2 | B88: Bị tước giấy phép lái xe. | C88: =IFERROR(COUNTIFS($A$1:A88,"Câu "&"*")-MID(A88,5,FIND(".",A88,1)-5),0) -> 0 | D88: =IF(LEFT(A88,3)="Câu",VALUE(MID(A88,5,FIND(".",A88,1)-5)),"") | E88: =SUBSTITUTE(IF(LEFT(A88,3)="Câu",MID(A88,FIND(".",A88,1)+2,LEN(A88)),""),CHAR(34),CHAR(92)&CHAR(34)) | G88: =SUBSTITUTE(B89,CHAR(34),CHAR(92)&CHAR(34)) -> Cả hai ý trên. | H88: =SUBSTITUTE(B90,CHAR(34),CHAR(92)&CHAR(34)) | I88: =SUBSTITUTE(IF(LEFT(A91,3)="Câu","",B91),CHAR(34),CHAR(92)&CHAR(34)) -> Bị nghiêm cấm. | J88: =SUBSTITUTE(IF(OR(LEFT(A92,3)="Câu",I88=""),"",IF(B92=0,"",B92)),CHAR(34),CHAR(92)&CHAR(34)) -> Không bị nghiêm cấm. | K88: =SUBSTITUTE(SUBSTITUTE(SUBSTITUTE(SUBSTITUTE(IFERROR(VLOOKUP("Câu "&D88&".",dapan!$E:$J,6,0),""),"1","A"),"2","B"),"3","C"),"4","D") | P88: =D88 | Q88: =IF(D88="","",CHAR(123)&CHAR(34)&"num"&CHAR(34)&":"&P88&","&CHAR(34)&"id"&CHAR(34)&":"&D88&"," &CHAR(34)&"q"&CHAR(34)&":"&CHAR(34)&E88&CHAR(34)&"," &IF(F88="","",CHAR(34)&"img"&CHAR(34)&":"&CHAR(34)&F88&CHAR(34)&",") &CHAR(34)&"opts"&CHAR(34)&":"&CHAR(123)&CHAR(34)&"A"&CHAR(34)&":"&CHAR(34)&G88&CHAR(34)&","&CHAR(34)&"B"&CHAR(34)&":"&CHAR(34)&H88&CHAR(34) &IF(I88="","",","&CHAR(34)&"C"&CHAR(34)&":"&CHAR(34)&I88&CHAR(34))&IF(J88="","",","&CHAR(34)&"D"&CHAR(34)&":"&CHAR(34)&J88&CHAR(34))&CHAR(125)&"," &CHAR(34)&"answer"&CHAR(34)&":"&CHAR(34)&K88&CHAR(34) &IF(L88="","",","&CHAR(34)&"danger"&CHAR(34)&":"&CHAR(34)&"true"&CHAR(34)) &IF(M88="","",","&CHAR(34)&"explain"&CHAR(34)&":"&CHAR(34)&M88&CHAR(34)) &IF(N88="","",","&CHAR(34)&"explainImg"&CHAR(34)&":"&CHAR(34)&N88&CHAR(34)) &IF(O88="","",","&CHAR(34)&"shuffle"&CHAR(34)&":"&CHAR(34)&"false"&CHAR(34))&CHAR(125)&",") | R88: =CHAR(S88) -> \ | S88: =S87+1 -> 92
A89: 3 | B89: Cả hai ý trên. | C89: =IFERROR(COUNTIFS($A$1:A89,"Câu "&"*")-MID(A89,5,FIND(".",A89,1)-5),0) -> 0 | D89: =IF(LEFT(A89,3)="Câu",VALUE(MID(A89,5,FIND(".",A89,1)-5)),"") | E89: =SUBSTITUTE(IF(LEFT(A89,3)="Câu",MID(A89,FIND(".",A89,1)+2,LEN(A89)),""),CHAR(34),CHAR(92)&CHAR(34)) | G89: =SUBSTITUTE(B90,CHAR(34),CHAR(92)&CHAR(34)) | H89: =SUBSTITUTE(B91,CHAR(34),CHAR(92)&CHAR(34)) -> Bị nghiêm cấm. | I89: =SUBSTITUTE(IF(LEFT(A92,3)="Câu","",B92),CHAR(34),CHAR(92)&CHAR(34)) -> Không bị nghiêm cấm. | J89: =SUBSTITUTE(IF(OR(LEFT(A93,3)="Câu",I89=""),"",IF(B93=0,"",B93)),CHAR(34),CHAR(92)&CHAR(34)) -> Không bị nghiêm cấm, nếu nồng độ cồn trong máu ở mức nhẹ, có thể điều khiển phương tiện tham gia giao thông. | K89: =SUBSTITUTE(SUBSTITUTE(SUBSTITUTE(SUBSTITUTE(IFERROR(VLOOKUP("Câu "&D89&".",dapan!$E:$J,6,0),""),"1","A"),"2","B"),"3","C"),"4","D") | P89: =D89 | Q89: =IF(D89="","",CHAR(123)&CHAR(34)&"num"&CHAR(34)&":"&P89&","&CHAR(34)&"id"&CHAR(34)&":"&D89&"," &CHAR(34)&"q"&CHAR(34)&":"&CHAR(34)&E89&CHAR(34)&"," &IF(F89="","",CHAR(34)&"img"&CHAR(34)&":"&CHAR(34)&F89&CHAR(34)&",") &CHAR(34)&"opts"&CHAR(34)&":"&CHAR(123)&CHAR(34)&"A"&CHAR(34)&":"&CHAR(34)&G89&CHAR(34)&","&CHAR(34)&"B"&CHAR(34)&":"&CHAR(34)&H89&CHAR(34) &IF(I89="","",","&CHAR(34)&"C"&CHAR(34)&":"&CHAR(34)&I89&CHAR(34))&IF(J89="","",","&CHAR(34)&"D"&CHAR(34)&":"&CHAR(34)&J89&CHAR(34))&CHAR(125)&"," &CHAR(34)&"answer"&CHAR(34)&":"&CHAR(34)&K89&CHAR(34) &IF(L89="","",","&CHAR(34)&"danger"&CHAR(34)&":"&CHAR(34)&"true"&CHAR(34)) &IF(M89="","",","&CHAR(34)&"explain"&CHAR(34)&":"&CHAR(34)&M89&CHAR(34)) &IF(N89="","",","&CHAR(34)&"explainImg"&CHAR(34)&":"&CHAR(34)&N89&CHAR(34)) &IF(O89="","",","&CHAR(34)&"shuffle"&CHAR(34)&":"&CHAR(34)&"false"&CHAR(34))&CHAR(125)&",") | R89: =CHAR(S89) -> ] | S89: =S88+1 -> 93
A90: Câu 24. Người điều khiển phương tiện tham gia giao thông đường bộ mà trong máu hoặc hơi thở có nồng độ cồn có bị nghiêm cấm không? | C90: =IFERROR(COUNTIFS($A$1:A90,"Câu "&"*")-MID(A90,5,FIND(".",A90,1)-5),0) -> 0 | D90: =IF(LEFT(A90,3)="Câu",VALUE(MID(A90,5,FIND(".",A90,1)-5)),"") -> 24 | E90: =SUBSTITUTE(IF(LEFT(A90,3)="Câu",MID(A90,FIND(".",A90,1)+2,LEN(A90)),""),CHAR(34),CHAR(92)&CHAR(34)) -> Người điều khiển phương tiện tham gia giao thông đường bộ mà trong máu hoặc hơi thở có nồng độ cồn có bị nghiêm cấm không? | G90: =SUBSTITUTE(B91,CHAR(34),CHAR(92)&CHAR(34)) -> Bị nghiêm cấm. | H90: =SUBSTITUTE(B92,CHAR(34),CHAR(92)&CHAR(34)) -> Không bị nghiêm cấm. | I90: =SUBSTITUTE(IF(LEFT(A93,3)="Câu","",B93),CHAR(34),CHAR(92)&CHAR(34)) -> Không bị nghiêm cấm, nếu nồng độ cồn trong máu ở mức nhẹ, có thể điều khiển phương tiện tham gia giao thông. | J90: =SUBSTITUTE(IF(OR(LEFT(A94,3)="Câu",I90=""),"",IF(B94=0,"",B94)),CHAR(34),CHAR(92)&CHAR(34)) | K90: =SUBSTITUTE(SUBSTITUTE(SUBSTITUTE(SUBSTITUTE(IFERROR(VLOOKUP("Câu "&D90&".",dapan!$E:$J,6,0),""),"1","A"),"2","B"),"3","C"),"4","D") -> A | P90: =D90 -> 24 | Q90: =IF(D90="","",CHAR(123)&CHAR(34)&"num"&CHAR(34)&":"&P90&","&CHAR(34)&"id"&CHAR(34)&":"&D90&"," &CHAR(34)&"q"&CHAR(34)&":"&CHAR(34)&E90&CHAR(34)&"," &IF(F90="","",CHAR(34)&"img"&CHAR(34)&":"&CHAR(34)&F90&CHAR(34)&",") &CHAR(34)&"opts"&CHAR(34)&":"&CHAR(123)&CHAR(34)&"A"&CHAR(34)&":"&CHAR(34)&G90&CHAR(34)&","&CHAR(34)&"B"&CHAR(34)&":"&CHAR(34)&H90&CHAR(34) &IF(I90="","",","&CHAR(34)&"C"&CHAR(34)&":"&CHAR(34)&I90&CHAR(34))&IF(J90="","",","&CHAR(34)&"D"&CHAR(34)&":"&CHAR(34)&J90&CHAR(34))&CHAR(125)&"," &CHAR(34)&"answer"&CHAR(34)&":"&CHAR(34)&K90&CHAR(34) &IF(L90="","",","&CHAR(34)&"danger"&CHAR(34)&":"&CHAR(34)&"true"&CHAR(34)) &IF(M90="","",","&CHAR(34)&"explain"&CHAR(34)&":"&CHAR(34)&M90&CHAR(34)) &IF(N90="","",","&CHAR(34)&"explainImg"&CHAR(34)&":"&CHAR(34)&N90&CHAR(34)) &IF(O90="","",","&CHAR(34)&"shuffle"&CHAR(34)&":"&CHAR(34)&"false"&CHAR(34))&CHAR(125)&",") -> {"num":24,"id":24,"q":"Người điều khiển phương tiện tham gia giao thông đường bộ mà trong máu hoặc hơi thở có nồng độ cồn có bị nghiêm cấm không?","opts":{"A":" Bị nghiêm cấm.","B":"Không bị nghiêm cấm.","C":"Không bị nghiêm cấm, nếu nồng độ cồn trong máu ở mức nhẹ, có thể điều khiển phương tiện tham gia giao thông."},"answer":"A"}, | R90: =CHAR(S90) -> ^ | S90: =S89+1 -> 94
A91: 1 | B91: Bị nghiêm cấm. | C91: =IFERROR(COUNTIFS($A$1:A91,"Câu "&"*")-MID(A91,5,FIND(".",A91,1)-5),0) -> 0 | D91: =IF(LEFT(A91,3)="Câu",VALUE(MID(A91,5,FIND(".",A91,1)-5)),"") | E91: =SUBSTITUTE(IF(LEFT(A91,3)="Câu",MID(A91,FIND(".",A91,1)+2,LEN(A91)),""),CHAR(34),CHAR(92)&CHAR(34)) | G91: =SUBSTITUTE(B92,CHAR(34),CHAR(92)&CHAR(34)) -> Không bị nghiêm cấm. | H91: =SUBSTITUTE(B93,CHAR(34),CHAR(92)&CHAR(34)) -> Không bị nghiêm cấm, nếu nồng độ cồn trong máu ở mức nhẹ, có thể điều khiển phương tiện tham gia giao thông. | I91: =SUBSTITUTE(IF(LEFT(A94,3)="Câu","",B94),CHAR(34),CHAR(92)&CHAR(34)) | J91: =SUBSTITUTE(IF(OR(LEFT(A95,3)="Câu",I91=""),"",IF(B95=0,"",B95)),CHAR(34),CHAR(92)&CHAR(34)) | K91: =SUBSTITUTE(SUBSTITUTE(SUBSTITUTE(SUBSTITUTE(IFERROR(VLOOKUP("Câu "&D91&".",dapan!$E:$J,6,0),""),"1","A"),"2","B"),"3","C"),"4","D") | P91: =D91 | Q91: =IF(D91="","",CHAR(123)&CHAR(34)&"num"&CHAR(34)&":"&P91&","&CHAR(34)&"id"&CHAR(34)&":"&D91&"," &CHAR(34)&"q"&CHAR(34)&":"&CHAR(34)&E91&CHAR(34)&"," &IF(F91="","",CHAR(34)&"img"&CHAR(34)&":"&CHAR(34)&F91&CHAR(34)&",") &CHAR(34)&"opts"&CHAR(34)&":"&CHAR(123)&CHAR(34)&"A"&CHAR(34)&":"&CHAR(34)&G91&CHAR(34)&","&CHAR(34)&"B"&CHAR(34)&":"&CHAR(34)&H91&CHAR(34) &IF(I91="","",","&CHAR(34)&"C"&CHAR(34)&":"&CHAR(34)&I91&CHAR(34))&IF(J91="","",","&CHAR(34)&"D"&CHAR(34)&":"&CHAR(34)&J91&CHAR(34))&CHAR(125)&"," &CHAR(34)&"answer"&CHAR(34)&":"&CHAR(34)&K91&CHAR(34) &IF(L91="","",","&CHAR(34)&"danger"&CHAR(34)&":"&CHAR(34)&"true"&CHAR(34)) &IF(M91="","",","&CHAR(34)&"explain"&CHAR(34)&":"&CHAR(34)&M91&CHAR(34)) &IF(N91="","",","&CHAR(34)&"explainImg"&CHAR(34)&":"&CHAR(34)&N91&CHAR(34)) &IF(O91="","",","&CHAR(34)&"shuffle"&CHAR(34)&":"&CHAR(34)&"false"&CHAR(34))&CHAR(125)&",") | R91: =CHAR(S91) -> _ | S91: =S90+1 -> 95
A92: 2 | B92: Không bị nghiêm cấm. | C92: =IFERROR(COUNTIFS($A$1:A92,"Câu "&"*")-MID(A92,5,FIND(".",A92,1)-5),0) -> 0 | D92: =IF(LEFT(A92,3)="Câu",VALUE(MID(A92,5,FIND(".",A92,1)-5)),"") | E92: =SUBSTITUTE(IF(LEFT(A92,3)="Câu",MID(A92,FIND(".",A92,1)+2,LEN(A92)),""),CHAR(34),CHAR(92)&CHAR(34)) | G92: =SUBSTITUTE(B93,CHAR(34),CHAR(92)&CHAR(34)) -> Không bị nghiêm cấm, nếu nồng độ cồn trong máu ở mức nhẹ, có thể điều khiển phương tiện tham gia giao thông. | H92: =SUBSTITUTE(B94,CHAR(34),CHAR(92)&CHAR(34)) | I92: =SUBSTITUTE(IF(LEFT(A95,3)="Câu","",B95),CHAR(34),CHAR(92)&CHAR(34)) -> Bị phạt tiền. | J92: =SUBSTITUTE(IF(OR(LEFT(A96,3)="Câu",I92=""),"",IF(B96=0,"",B96)),CHAR(34),CHAR(92)&CHAR(34)) -> Có thể bị tước giấy phép lái xe. | K92: =SUBSTITUTE(SUBSTITUTE(SUBSTITUTE(SUBSTITUTE(IFERROR(VLOOKUP("Câu "&D92&".",dapan!$E:$J,6,0),""),"1","A"),"2","B"),"3","C"),"4","D") | P92: =D92 | Q92: =IF(D92="","",CHAR(123)&CHAR(34)&"num"&CHAR(34)&":"&P92&","&CHAR(34)&"id"&CHAR(34)&":"&D92&"," &CHAR(34)&"q"&CHAR(34)&":"&CHAR(34)&E92&CHAR(34)&"," &IF(F92="","",CHAR(34)&"img"&CHAR(34)&":"&CHAR(34)&F92&CHAR(34)&",") &CHAR(34)&"opts"&CHAR(34)&":"&CHAR(123)&CHAR(34)&"A"&CHAR(34)&":"&CHAR(34)&G92&CHAR(34)&","&CHAR(34)&"B"&CHAR(34)&":"&CHAR(34)&H92&CHAR(34) &IF(I92="","",","&CHAR(34)&"C"&CHAR(34)&":"&CHAR(34)&I92&CHAR(34))&IF(J92="","",","&CHAR(34)&"D"&CHAR(34)&":"&CHAR(34)&J92&CHAR(34))&CHAR(125)&"," &CHAR(34)&"answer"&CHAR(34)&":"&CHAR(34)&K92&CHAR(34) &IF(L92="","",","&CHAR(34)&"danger"&CHAR(34)&":"&CHAR(34)&"true"&CHAR(34)) &IF(M92="","",","&CHAR(34)&"explain"&CHAR(34)&":"&CHAR(34)&M92&CHAR(34)) &IF(N92="","",","&CHAR(34)&"explainImg"&CHAR(34)&":"&CHAR(34)&N92&CHAR(34)) &IF(O92="","",","&CHAR(34)&"shuffle"&CHAR(34)&":"&CHAR(34)&"false"&CHAR(34))&CHAR(125)&",") | R92: =CHAR(S92) -> ` | S92: =S91+1 -> 96
A93: 3 | B93: Không bị nghiêm cấm, nếu nồng độ cồn trong máu ở mức nhẹ, có thể điều khiển phương tiện tham gia giao thông. | C93: =IFERROR(COUNTIFS($A$1:A93,"Câu "&"*")-MID(A93,5,FIND(".",A93,1)-5),0) -> 0 | D93: =IF(LEFT(A93,3)="Câu",VALUE(MID(A93,5,FIND(".",A93,1)-5)),"") | E93: =SUBSTITUTE(IF(LEFT(A93,3)="Câu",MID(A93,FIND(".",A93,1)+2,LEN(A93)),""),CHAR(34),CHAR(92)&CHAR(34)) | G93: =SUBSTITUTE(B94,CHAR(34),CHAR(92)&CHAR(34)) | H93: =SUBSTITUTE(B95,CHAR(34),CHAR(92)&CHAR(34)) -> Bị phạt tiền. | I93: =SUBSTITUTE(IF(LEFT(A96,3)="Câu","",B96),CHAR(34),CHAR(92)&CHAR(34)) -> Có thể bị tước giấy phép lái xe. | J93: =SUBSTITUTE(IF(OR(LEFT(A97,3)="Câu",I93=""),"",IF(B97=0,"",B97)),CHAR(34),CHAR(92)&CHAR(34)) -> Cả hai ý trên. | K93: =SUBSTITUTE(SUBSTITUTE(SUBSTITUTE(SUBSTITUTE(IFERROR(VLOOKUP("Câu "&D93&".",dapan!$E:$J,6,0),""),"1","A"),"2","B"),"3","C"),"4","D") | P93: =D93 | Q93: =IF(D93="","",CHAR(123)&CHAR(34)&"num"&CHAR(34)&":"&P93&","&CHAR(34)&"id"&CHAR(34)&":"&D93&"," &CHAR(34)&"q"&CHAR(34)&":"&CHAR(34)&E93&CHAR(34)&"," &IF(F93="","",CHAR(34)&"img"&CHAR(34)&":"&CHAR(34)&F93&CHAR(34)&",") &CHAR(34)&"opts"&CHAR(34)&":"&CHAR(123)&CHAR(34)&"A"&CHAR(34)&":"&CHAR(34)&G93&CHAR(34)&","&CHAR(34)&"B"&CHAR(34)&":"&CHAR(34)&H93&CHAR(34) &IF(I93="","",","&CHAR(34)&"C"&CHAR(34)&":"&CHAR(34)&I93&CHAR(34))&IF(J93="","",","&CHAR(34)&"D"&CHAR(34)&":"&CHAR(34)&J93&CHAR(34))&CHAR(125)&"," &CHAR(34)&"answer"&CHAR(34)&":"&CHAR(34)&K93&CHAR(34) &IF(L93="","",","&CHAR(34)&"danger"&CHAR(34)&":"&CHAR(34)&"true"&CHAR(34)) &IF(M93="","",","&CHAR(34)&"explain"&CHAR(34)&":"&CHAR(34)&M93&CHAR(34)) &IF(N93="","",","&CHAR(34)&"explainImg"&CHAR(34)&":"&CHAR(34)&N93&CHAR(34)) &IF(O93="","",","&CHAR(34)&"shuffle"&CHAR(34)&":"&CHAR(34)&"false"&CHAR(34))&CHAR(125)&",") | R93: =CHAR(S93) -> a | S93: =S92+1 -> 97
A94: Câu 25. Hành vi của người điều khiển xe ô tô và các loại xe tương tự khi tham gia giao thông đường bộ mà trong máu hoặc hơi thở có nồng độ cồn thì bị áp dụng hình thức xử phạt vi phạm hành chính nào dưới đây? | C94: =IFERROR(COUNTIFS($A$1:A94,"Câu "&"*")-MID(A94,5,FIND(".",A94,1)-5),0) -> 0 | D94: =IF(LEFT(A94,3)="Câu",VALUE(MID(A94,5,FIND(".",A94,1)-5)),"") -> 25 | E94: =SUBSTITUTE(IF(LEFT(A94,3)="Câu",MID(A94,FIND(".",A94,1)+2,LEN(A94)),""),CHAR(34),CHAR(92)&CHAR(34)) -> Hành vi của người điều khiển xe ô tô và các loại xe tương tự khi tham gia giao thông đường bộ mà trong máu hoặc hơi thở có nồng độ cồn thì bị áp dụng hình thức xử phạt vi phạm hành chính nào dưới đây? | G94: =SUBSTITUTE(B95,CHAR(34),CHAR(92)&CHAR(34)) -> Bị phạt tiền. | H94: =SUBSTITUTE(B96,CHAR(34),CHAR(92)&CHAR(34)) -> Có thể bị tước giấy phép lái xe. | I94: =SUBSTITUTE(IF(LEFT(A97,3)="Câu","",B97),CHAR(34),CHAR(92)&CHAR(34)) -> Cả hai ý trên. | J94: =SUBSTITUTE(IF(OR(LEFT(A98,3)="Câu",I94=""),"",IF(B98=0,"",B98)),CHAR(34),CHAR(92)&CHAR(34)) | K94: =SUBSTITUTE(SUBSTITUTE(SUBSTITUTE(SUBSTITUTE(IFERROR(VLOOKUP("Câu "&D94&".",dapan!$E:$J,6,0),""),"1","A"),"2","B"),"3","C"),"4","D") -> C | P94: =D94 -> 25 | Q94: =IF(D94="","",CHAR(123)&CHAR(34)&"num"&CHAR(34)&":"&P94&","&CHAR(34)&"id"&CHAR(34)&":"&D94&"," &CHAR(34)&"q"&CHAR(34)&":"&CHAR(34)&E94&CHAR(34)&"," &IF(F94="","",CHAR(34)&"img"&CHAR(34)&":"&CHAR(34)&F94&CHAR(34)&",") &CHAR(34)&"opts"&CHAR(34)&":"&CHAR(123)&CHAR(34)&"A"&CHAR(34)&":"&CHAR(34)&G94&CHAR(34)&","&CHAR(34)&"B"&CHAR(34)&":"&CHAR(34)&H94&CHAR(34) &IF(I94="","",","&CHAR(34)&"C"&CHAR(34)&":"&CHAR(34)&I94&CHAR(34))&IF(J94="","",","&CHAR(34)&"D"&CHAR(34)&":"&CHAR(34)&J94&CHAR(34))&CHAR(125)&"," &CHAR(34)&"answer"&CHAR(34)&":"&CHAR(34)&K94&CHAR(34) &IF(L94="","",","&CHAR(34)&"danger"&CHAR(34)&":"&CHAR(34)&"true"&CHAR(34)) &IF(M94="","",","&CHAR(34)&"explain"&CHAR(34)&":"&CHAR(34)&M94&CHAR(34)) &IF(N94="","",","&CHAR(34)&"explainImg"&CHAR(34)&":"&CHAR(34)&N94&CHAR(34)) &IF(O94="","",","&CHAR(34)&"shuffle"&CHAR(34)&":"&CHAR(34)&"false"&CHAR(34))&CHAR(125)&",") -> {"num":25,"id":25,"q":"Hành vi của người điều khiển xe ô tô và các loại xe tương tự khi tham gia giao thông đường bộ mà trong máu hoặc hơi thở có nồng độ cồn thì bị áp dụng hình thức xử phạt vi phạm hành chính nào dưới đây?","opts":{"A":"Bị phạt tiền.","B":"Có thể bị tước giấy phép lái xe.","C":" Cả hai ý trên."},"answer":"C"}, | R94: =CHAR(S94) -> b | S94: =S93+1 -> 98
A95: 1 | B95: Bị phạt tiền. | C95: =IFERROR(COUNTIFS($A$1:A95,"Câu "&"*")-MID(A95,5,FIND(".",A95,1)-5),0) -> 0 | D95: =IF(LEFT(A95,3)="Câu",VALUE(MID(A95,5,FIND(".",A95,1)-5)),"") | E95: =SUBSTITUTE(IF(LEFT(A95,3)="Câu",MID(A95,FIND(".",A95,1)+2,LEN(A95)),""),CHAR(34),CHAR(92)&CHAR(34)) | G95: =SUBSTITUTE(B96,CHAR(34),CHAR(92)&CHAR(34)) -> Có thể bị tước giấy phép lái xe. | H95: =SUBSTITUTE(B97,CHAR(34),CHAR(92)&CHAR(34)) -> Cả hai ý trên. | I95: =SUBSTITUTE(IF(LEFT(A98,3)="Câu","",B98),CHAR(34),CHAR(92)&CHAR(34)) | J95: =SUBSTITUTE(IF(OR(LEFT(A99,3)="Câu",I95=""),"",IF(B99=0,"",B99)),CHAR(34),CHAR(92)&CHAR(34)) | K95: =SUBSTITUTE(SUBSTITUTE(SUBSTITUTE(SUBSTITUTE(IFERROR(VLOOKUP("Câu "&D95&".",dapan!$E:$J,6,0),""),"1","A"),"2","B"),"3","C"),"4","D") | P95: =D95 | Q95: =IF(D95="","",CHAR(123)&CHAR(34)&"num"&CHAR(34)&":"&P95&","&CHAR(34)&"id"&CHAR(34)&":"&D95&"," &CHAR(34)&"q"&CHAR(34)&":"&CHAR(34)&E95&CHAR(34)&"," &IF(F95="","",CHAR(34)&"img"&CHAR(34)&":"&CHAR(34)&F95&CHAR(34)&",") &CHAR(34)&"opts"&CHAR(34)&":"&CHAR(123)&CHAR(34)&"A"&CHAR(34)&":"&CHAR(34)&G95&CHAR(34)&","&CHAR(34)&"B"&CHAR(34)&":"&CHAR(34)&H95&CHAR(34) &IF(I95="","",","&CHAR(34)&"C"&CHAR(34)&":"&CHAR(34)&I95&CHAR(34))&IF(J95="","",","&CHAR(34)&"D"&CHAR(34)&":"&CHAR(34)&J95&CHAR(34))&CHAR(125)&"," &CHAR(34)&"answer"&CHAR(34)&":"&CHAR(34)&K95&CHAR(34) &IF(L95="","",","&CHAR(34)&"danger"&CHAR(34)&":"&CHAR(34)&"true"&CHAR(34)) &IF(M95="","",","&CHAR(34)&"explain"&CHAR(34)&":"&CHAR(34)&M95&CHAR(34)) &IF(N95="","",","&CHAR(34)&"explainImg"&CHAR(34)&":"&CHAR(34)&N95&CHAR(34)) &IF(O95="","",","&CHAR(34)&"shuffle"&CHAR(34)&":"&CHAR(34)&"false"&CHAR(34))&CHAR(125)&",") | R95: =CHAR(S95) -> c | S95: =S94+1 -> 99
A96: 2 | B96: Có thể bị tước giấy phép lái xe. | C96: =IFERROR(COUNTIFS($A$1:A96,"Câu "&"*")-MID(A96,5,FIND(".",A96,1)-5),0) -> 0 | D96: =IF(LEFT(A96,3)="Câu",VALUE(MID(A96,5,FIND(".",A96,1)-5)),"") | E96: =SUBSTITUTE(IF(LEFT(A96,3)="Câu",MID(A96,FIND(".",A96,1)+2,LEN(A96)),""),CHAR(34),CHAR(92)&CHAR(34)) | G96: =SUBSTITUTE(B97,CHAR(34),CHAR(92)&CHAR(34)) -> Cả hai ý trên. | H96: =SUBSTITUTE(B98,CHAR(34),CHAR(92)&CHAR(34)) | I96: =SUBSTITUTE(IF(LEFT(A99,3)="Câu","",B99),CHAR(34),CHAR(92)&CHAR(34)) -> Người điều khiển xe ô tô, xe mô tô, xe đạp, xe gắn máy. | J96: =SUBSTITUTE(IF(OR(LEFT(A100,3)="Câu",I96=""),"",IF(B100=0,"",B100)),CHAR(34),CHAR(92)&CHAR(34)) -> Người được chở trên xe cơ giới. | K96: =SUBSTITUTE(SUBSTITUTE(SUBSTITUTE(SUBSTITUTE(IFERROR(VLOOKUP("Câu "&D96&".",dapan!$E:$J,6,0),""),"1","A"),"2","B"),"3","C"),"4","D") | P96: =D96 | Q96: =IF(D96="","",CHAR(123)&CHAR(34)&"num"&CHAR(34)&":"&P96&","&CHAR(34)&"id"&CHAR(34)&":"&D96&"," &CHAR(34)&"q"&CHAR(34)&":"&CHAR(34)&E96&CHAR(34)&"," &IF(F96="","",CHAR(34)&"img"&CHAR(34)&":"&CHAR(34)&F96&CHAR(34)&",") &CHAR(34)&"opts"&CHAR(34)&":"&CHAR(123)&CHAR(34)&"A"&CHAR(34)&":"&CHAR(34)&G96&CHAR(34)&","&CHAR(34)&"B"&CHAR(34)&":"&CHAR(34)&H96&CHAR(34) &IF(I96="","",","&CHAR(34)&"C"&CHAR(34)&":"&CHAR(34)&I96&CHAR(34))&IF(J96="","",","&CHAR(34)&"D"&CHAR(34)&":"&CHAR(34)&J96&CHAR(34))&CHAR(125)&"," &CHAR(34)&"answer"&CHAR(34)&":"&CHAR(34)&K96&CHAR(34) &IF(L96="","",","&CHAR(34)&"danger"&CHAR(34)&":"&CHAR(34)&"true"&CHAR(34)) &IF(M96="","",","&CHAR(34)&"explain"&CHAR(34)&":"&CHAR(34)&M96&CHAR(34)) &IF(N96="","",","&CHAR(34)&"explainImg"&CHAR(34)&":"&CHAR(34)&N96&CHAR(34)) &IF(O96="","",","&CHAR(34)&"shuffle"&CHAR(34)&":"&CHAR(34)&"false"&CHAR(34))&CHAR(125)&",") | R96: =CHAR(S96) -> d | S96: =S95+1 -> 100
A97: 3 | B97: Cả hai ý trên. | C97: =IFERROR(COUNTIFS($A$1:A97,"Câu "&"*")-MID(A97,5,FIND(".",A97,1)-5),0) -> 0 | D97: =IF(LEFT(A97,3)="Câu",VALUE(MID(A97,5,FIND(".",A97,1)-5)),"") | E97: =SUBSTITUTE(IF(LEFT(A97,3)="Câu",MID(A97,FIND(".",A97,1)+2,LEN(A97)),""),CHAR(34),CHAR(92)&CHAR(34)) | G97: =SUBSTITUTE(B98,CHAR(34),CHAR(92)&CHAR(34)) | H97: =SUBSTITUTE(B99,CHAR(34),CHAR(92)&CHAR(34)) -> Người điều khiển xe ô tô, xe mô tô, xe đạp, xe gắn máy. | I97: =SUBSTITUTE(IF(LEFT(A100,3)="Câu","",B100),CHAR(34),CHAR(92)&CHAR(34)) -> Người được chở trên xe cơ giới. | J97: =SUBSTITUTE(IF(OR(LEFT(A101,3)="Câu",I97=""),"",IF(B101=0,"",B101)),CHAR(34),CHAR(92)&CHAR(34)) -> Cả hai ý trên. | K97: =SUBSTITUTE(SUBSTITUTE(SUBSTITUTE(SUBSTITUTE(IFERROR(VLOOKUP("Câu "&D97&".",dapan!$E:$J,6,0),""),"1","A"),"2","B"),"3","C"),"4","D") | P97: =D97 | Q97: =IF(D97="","",CHAR(123)&CHAR(34)&"num"&CHAR(34)&":"&P97&","&CHAR(34)&"id"&CHAR(34)&":"&D97&"," &CHAR(34)&"q"&CHAR(34)&":"&CHAR(34)&E97&CHAR(34)&"," &IF(F97="","",CHAR(34)&"img"&CHAR(34)&":"&CHAR(34)&F97&CHAR(34)&",") &CHAR(34)&"opts"&CHAR(34)&":"&CHAR(123)&CHAR(34)&"A"&CHAR(34)&":"&CHAR(34)&G97&CHAR(34)&","&CHAR(34)&"B"&CHAR(34)&":"&CHAR(34)&H97&CHAR(34) &IF(I97="","",","&CHAR(34)&"C"&CHAR(34)&":"&CHAR(34)&I97&CHAR(34))&IF(J97="","",","&CHAR(34)&"D"&CHAR(34)&":"&CHAR(34)&J97&CHAR(34))&CHAR(125)&"," &CHAR(34)&"answer"&CHAR(34)&":"&CHAR(34)&K97&CHAR(34) &IF(L97="","",","&CHAR(34)&"danger"&CHAR(34)&":"&CHAR(34)&"true"&CHAR(34)) &IF(M97="","",","&CHAR(34)&"explain"&CHAR(34)&":"&CHAR(34)&M97&CHAR(34)) &IF(N97="","",","&CHAR(34)&"explainImg"&CHAR(34)&":"&CHAR(34)&N97&CHAR(34)) &IF(O97="","",","&CHAR(34)&"shuffle"&CHAR(34)&":"&CHAR(34)&"false"&CHAR(34))&CHAR(125)&",") | R97: =CHAR(S97) -> e | S97: =S96+1 -> 101
